lon,lat,extreme_Tmax_proxy,extreme_Tmin_proxy,extreme_Prec_proxy,bio1,bio2,bio3,bio4,bio5,bio6,bio7,bio8,bio9,bio10,bio11,bio12,bio13,bio14,bio15,bio16,bio17,bio18,bio19,prec_01,prec_02,prec_03,prec_04,prec_05,prec_06,prec_07,prec_08,prec_09,prec_10,prec_11,prec_12,tavg_01,tavg_02,tavg_03,tavg_04,tavg_05,tavg_06,tavg_07,tavg_08,tavg_09,tavg_10,tavg_11,tavg_12,GDD_01,GDD_02,GDD_03,GDD_04,GDD_05,GDD_06,GDD_07,GDD_08,GDD_09,GDD_10,GDD_11,GDD_12,GDD_gs,GDD_annual,elevation_m,slope_deg,aspect_deg,clay_pct,sand_pct,silt_pct,soc_dgkg,bdod_kgdm3,cec_cmolkg,ph,nitrogen_cgkg,wheat_yield_tha,wheat_yield_pred_tha,yield_uncertainty_tha,yield_source,yield_blended_tha,yield_source_blend,grid_id,zenodo_yield_tha,n_px
116.8125,40.4792,29.9,-12.14,173.0,10.8857,12.0273,28.6093,1138.0612,29.9,-12.14,42.04,24.0847,-3.944,24.0847,-3.944,500.0,173.0,3.0,132.01,373.0,9.0,373.0,9.0,3.0,3.0,6.0,13.0,31.0,67.0,173.0,133.0,46.0,17.0,5.0,3.0,-5.952,-2.548,4.152,12.896,18.864,23.204,25.176,23.892,18.8,12.112,3.384,-3.34,0.0,0.0,0.0,86.88,274.784,396.12,470.456,430.652,264.0,65.472,0.0,0.0,1922.892,1988.364,130.2152,5.0958,169.9657,18.2,46.4,35.4,315.0,1.27,16.4,7.4,31.5,,7.079368326253668,0.1152331919396063,SpatialPred,6.530344141206538,BayesianBlend,0,,0
116.8542,40.4792,29.748,-12.16,173.0,10.757,11.746,28.0281,1137.9406,29.748,-12.16,41.908,23.974,-4.0673,23.974,-4.0673,499.0,173.0,2.0,132.4166,373.0,8.0,373.0,8.0,3.0,3.0,6.0,13.0,31.0,67.0,173.0,133.0,46.0,17.0,5.0,2.0,-6.1,-2.82,3.84,12.664,18.644,23.008,25.076,23.828,18.712,12.076,3.42,-3.26,0.0,0.0,0.0,79.92,267.964,390.24,467.356,428.668,261.36,64.356,0.0,0.0,1895.5079,1959.8639,141.4041,4.2236,309.9554,17.2,46.2,36.7,400.0,1.26,15.6,7.6,40.0,,7.060599403123771,0.1152331919396063,SpatialPred,6.410181939448447,BayesianBlend,1,,0
116.8958,40.4792,29.532,-12.48,172.0,10.5952,11.6503,27.731,1142.2222,29.532,-12.48,42.012,23.8373,-4.316,23.8373,-4.316,497.0,172.0,3.0,132.4724,372.0,9.0,372.0,9.0,3.0,3.0,6.0,13.0,30.0,67.0,172.0,133.0,46.0,17.0,4.0,3.0,-6.416,-3.072,3.656,12.504,18.5,22.86,24.936,23.716,18.616,11.984,3.336,-3.484,0.0,0.0,0.0,75.12,263.5,385.8,463.016,425.196,258.48,61.504,0.0,0.0,1871.112,1932.616,159.89159999999998,4.069,349.5354,16.9,46.1,37.1,427.0,1.25,15.4,7.7,42.7,,7.074735914688619,0.1152331919396063,SpatialPred,6.555186821788403,BayesianBlend,2,,0
116.9375,40.4792,29.368,-12.464,173.0,10.5953,11.2407,26.871,1139.3049,29.368,-12.464,41.832,23.7987,-4.288,23.7987,-4.288,498.0,173.0,3.0,132.6764,373.0,10.0,373.0,10.0,4.0,3.0,6.0,12.0,30.0,67.0,173.0,133.0,46.0,17.0,4.0,3.0,-6.532,-3.36,3.336,12.256,18.276,22.736,24.888,23.78,18.768,12.216,3.748,-2.968,0.0,0.0,0.0,67.68,256.556,382.08,461.528,427.18,263.04,68.696,0.0,0.0,1858.064,1926.76,149.7801,1.4686000000000003,7.160500000000013,16.9,46.1,37.1,427.0,1.25,15.4,7.7,42.7,,7.068836367982949,0.1152331919396063,SpatialPred,6.707813063372522,BayesianBlend,3,,0
116.9792,40.4792,29.284,-12.5,173.0,10.508,11.0907,26.5429,1141.3696,29.284,-12.5,41.784,23.7427,-4.3953,23.7427,-4.3953,497.0,173.0,3.0,132.8418,372.0,10.0,372.0,10.0,4.0,3.0,6.0,12.0,30.0,66.0,173.0,133.0,46.0,17.0,4.0,3.0,-6.656,-3.548,3.14,12.124,18.132,22.612,24.828,23.784,18.724,12.192,3.744,-2.98,0.0,0.0,0.0,63.72,252.092,378.36,459.668,427.304,261.72,67.952,0.0,0.0,1842.864,1910.816,144.2614,1.2807999999999993,1.172699999999992,17.8,47.4,34.8,188.0,1.28,17.2,7.5,18.8,,7.061643380885805,0.1152331919396063,SpatialPred,6.3936255283612615,BayesianBlend,4,,0
117.0208,40.4792,29.276,-12.748,173.0,10.3113,11.594,27.589,1146.5775,29.276,-12.748,42.024,23.594,-4.6607,23.594,-4.6607,502.0,173.0,3.0,132.3284,376.0,9.0,376.0,9.0,3.0,3.0,6.0,13.0,30.0,68.0,173.0,135.0,46.0,17.0,5.0,3.0,-6.752,-3.42,3.36,12.228,18.24,22.592,24.68,23.512,18.368,11.712,2.992,-3.828,0.0,0.0,0.0,66.84,255.44,377.76,455.08,418.872,251.04,53.072,0.0,0.0,1825.0321,1878.1041,191.1269,5.3865,310.6451,17.6,48.4,34.1,229.0,1.27,17.1,7.4,22.9,,7.048383685932188,0.1152331919396063,SpatialPred,6.388194135135085,BayesianBlend,5,,0
117.0625,40.4792,28.22,-13.672,175.0,9.1227,11.73,28.0006,1141.121,28.22,-13.672,41.892,22.394,-5.726,22.394,-5.726,520.0,175.0,3.0,130.1192,386.0,9.0,386.0,9.0,3.0,3.0,7.0,15.0,33.0,72.0,175.0,139.0,48.0,17.0,5.0,3.0,-7.604,-4.388,2.312,11.016,17.072,21.408,23.52,22.248,17.056,10.432,1.604,-5.184,0.0,0.0,0.0,30.480000000000004,219.232,342.24,419.12,379.688,211.68,13.391999999999996,0.0,0.0,1602.44,1615.832,481.1073,14.824,321.5866,17.4,49.2,33.4,271.0,1.27,17.0,7.2,27.1,,7.017040115526969,0.1152331919396063,SpatialPred,6.69653645003405,BayesianBlend,6,,0
117.1042,40.4792,27.436,-14.328,176.0,8.301,11.646,27.8853,1138.152,27.436,-14.328,41.764,21.5667,-6.4873,21.5667,-6.4873,535.0,176.0,3.0,127.3511,392.0,10.0,392.0,10.0,3.0,4.0,8.0,16.0,35.0,75.0,176.0,141.0,50.0,18.0,6.0,3.0,-8.292,-5.18,1.468,10.076,16.188,20.544,22.736,21.416,16.228,9.644,0.784,-5.988,0.0,0.0,0.0,2.280000000000001,191.828,316.32,394.816,353.896,186.84,0.0,0.0,0.0,1445.98,1445.98,661.3172,16.7688,11.891800000000018,17.9,48.7,33.4,334.0,1.25,17.7,7.2,33.4,,6.967008185063133,0.1152331919396063,SpatialPred,6.532246055454285,BayesianBlend,7,,0
117.1458,40.4792,28.608,-13.452,176.0,9.4968,11.7563,27.9513,1147.77,28.608,-13.452,42.06,22.8,-5.4813,22.8,-5.4813,517.0,176.0,3.0,131.3286,385.0,9.0,385.0,9.0,3.0,3.0,7.0,14.0,33.0,70.0,176.0,139.0,48.0,16.0,5.0,3.0,-7.384,-4.052,2.772,11.532,17.52,21.784,23.924,22.688,17.464,10.804,1.888,-4.996,0.0,0.0,0.0,45.96,233.12,353.52,431.644,393.328,223.92,24.924,0.0,0.0,1681.492,1706.416,361.058,11.6235,57.41129999999998,17.9,47.9,34.1,393.0,1.24,18.4,7.2,39.3,,7.033736374878769,0.1152331919396063,SpatialPred,6.340507196291313,BayesianBlend,8,,0
117.1875,40.4792,28.464,-13.68,175.0,9.3433,11.946,28.3457,1144.2346,28.464,-13.68,42.144,22.6173,-5.5813,22.6173,-5.5813,518.0,175.0,3.0,130.1688,384.0,9.0,384.0,9.0,3.0,3.0,7.0,15.0,33.0,71.0,175.0,138.0,48.0,17.0,5.0,3.0,-7.488,-4.136,2.664,11.344,17.364,21.62,23.752,22.488,17.248,10.62,1.732,-5.132,0.0,0.0,0.0,40.31999999999999,228.284,348.6,426.312,387.128,217.44,19.22,0.0,0.0,1648.084,1667.304,408.5502,16.289,285.8439,17.2,48.1,34.7,438.0,1.23,18.6,7.1,43.8,,7.028860233846562,0.1152331919396063,SpatialPred,6.517764517819164,BayesianBlend,9,,0
117.2292,40.4792,27.876,-14.136,176.0,8.7615,11.937,28.4133,1138.6194,27.876,-14.136,42.012,22.0033,-6.0647,22.0033,-6.0647,527.0,176.0,3.0,128.9445,388.0,9.0,388.0,9.0,3.0,3.0,7.0,16.0,35.0,72.0,176.0,140.0,49.0,17.0,6.0,3.0,-7.92,-4.68,2.028,10.656,16.696,20.988,23.144,21.864,16.648,10.096,1.212,-5.6,0.0,0.0,0.0,19.68,207.576,329.64,407.464,367.784,199.44,2.975999999999999,0.0,0.0,1531.584,1534.56,547.9673,18.3855,2.1661,16.9,48.9,34.2,498.0,1.22,18.8,6.9,49.8,,6.991475088140767,0.1152331919396063,SpatialPred,6.324259783440932,BayesianBlend,10,,0
117.2708,40.4792,27.492,-14.416,176.0,8.4195,11.915,28.4313,1135.7495,27.492,-14.416,41.908,21.6473,-6.3607,21.6473,-6.3607,530.0,176.0,3.0,129.0013,391.0,9.0,391.0,9.0,3.0,3.0,7.0,16.0,35.0,73.0,176.0,142.0,49.0,17.0,6.0,3.0,-8.18,-5.02,1.628,10.268,16.28,20.596,22.792,21.54,16.296,9.8,0.924,-5.868,0.0,0.0,0.0,8.04,194.68,317.88,396.552,357.74,188.88,0.0,0.0,0.0,1463.772,1463.772,586.7532,19.2601,292.764,17.0,50.3,32.7,486.0,1.22,18.7,7.0,48.6,,6.984859235764264,0.1152331919396063,SpatialPred,6.321138846731753,BayesianBlend,11,,0
117.3125,40.4792,27.152,-14.748,177.0,8.0727,11.9913,28.6189,1133.5852,27.152,-14.748,41.9,21.292,-6.6653,21.292,-6.6653,539.0,177.0,2.0,127.5504,395.0,9.0,395.0,9.0,3.0,4.0,8.0,17.0,36.0,75.0,177.0,143.0,50.0,18.0,6.0,2.0,-8.452,-5.352,1.2359999999999998,9.86,15.872,20.232,22.428,21.216,15.92,9.456,0.6120000000000001,-6.176,0.0,0.0,0.0,0.0,182.032,306.96,385.268,347.696,177.6,0.0,0.0,0.0,1399.556,1399.556,656.5859,20.2454,197.5704,16.8,50.2,33.0,469.0,1.22,18.4,7.0,46.9,,6.957550479199842,0.1152331919396063,SpatialPred,6.435296083117192,BayesianBlend,12,,0
117.3542,40.4792,26.832,-15.084,176.0,7.7432,12.039,28.7217,1131.8383,26.832,-15.084,41.916,20.956,-6.9627,20.956,-6.9627,543.0,176.0,2.0,126.7173,397.0,9.0,397.0,9.0,3.0,4.0,8.0,17.0,37.0,77.0,176.0,144.0,51.0,18.0,6.0,2.0,-8.748,-5.672,0.8919999999999999,9.516,15.504,19.884,22.104,20.868,15.596,9.132,0.3119999999999998,-6.48,0.0,0.0,0.0,0.0,170.624,296.52,375.224,336.908,167.88,0.0,0.0,0.0,1347.156,1347.156,725.1072,18.6727,182.8898,16.8,48.3,34.9,552.0,1.19,18.4,6.9,55.2,,6.94961820420178,0.1152331919396063,SpatialPred,6.050299647998637,BayesianBlend,13,,0
117.3958,40.4792,26.38,-15.476,178.0,7.3147,12.0027,28.6761,1130.4495,26.38,-15.476,41.856,20.5207,-7.3613,20.5207,-7.3613,550.0,178.0,2.0,126.3378,401.0,9.0,401.0,9.0,3.0,4.0,8.0,18.0,38.0,78.0,178.0,145.0,52.0,18.0,6.0,2.0,-9.12,-6.096,0.4279999999999999,9.028,15.056,19.452,21.676,20.448,15.172,8.712,-0.104,-6.864,0.0,0.0,0.0,0.0,156.736,283.56,361.956,323.888,155.16,0.0,0.0,0.0,1281.3,1281.3,814.3152,17.9278,222.2276,16.9,45.3,37.8,645.0,1.16,18.9,6.8,64.5,,6.948230936030605,0.1152331919396063,SpatialPred,6.083094627963223,BayesianBlend,14,,0
117.4375,40.4792,26.092,-15.816,177.0,7.0208,12.0877,28.8433,1128.6892,26.092,-15.816,41.908,20.2187,-7.6213,20.2187,-7.6213,557.0,177.0,2.0,124.5878,403.0,9.0,403.0,9.0,3.0,4.0,9.0,19.0,39.0,80.0,177.0,146.0,53.0,19.0,6.0,2.0,-9.4,-6.32,0.1400000000000001,8.712,14.764,19.172,21.368,20.124,14.852,8.388,-0.3800000000000003,-7.152000000000001,0.0,0.0,0.0,0.0,147.684,275.16,352.408,313.844,145.56,0.0,0.0,0.0,1234.656,1234.656,898.1281000000001,18.0813,147.7653,17.0,44.6,38.4,577.0,1.17,19.4,6.8,57.7,,6.927025182301579,0.1152331919396063,SpatialPred,6.2803336516831,BayesianBlend,15,,0
117.4792,40.4792,26.884,-15.568,177.0,7.713699999999999,12.3993,29.2079,1138.2036,26.884,-15.568,42.452,20.9767,-7.0953,20.9767,-7.0953,549.0,177.0,3.0,125.8819,399.0,10.0,399.0,10.0,3.0,4.0,8.0,18.0,38.0,77.0,177.0,145.0,52.0,18.0,6.0,3.0,-8.98,-5.624,0.964,9.556,15.632,19.968,22.116,20.856,15.552,9.008,0.2040000000000001,-6.668,0.0,0.0,0.0,0.0,174.592,299.04,375.596,336.536,166.56,0.0,0.0,0.0,1352.324,1352.324,748.6289999999999,15.8023,115.5467,17.1,44.9,38.0,472.0,1.21,19.5,6.9,47.2,,6.973237401268988,0.1152331919396063,SpatialPred,6.21947093423701,BayesianBlend,16,,0
117.5208,40.4792,27.156,-15.576,176.0,7.9367,12.5167,29.2911,1145.3605,27.156,-15.576,42.732,21.256,-6.9853,21.256,-6.9853,545.0,176.0,3.0,126.1263,396.0,10.0,396.0,10.0,3.0,4.0,8.0,18.0,38.0,75.0,176.0,145.0,51.0,18.0,6.0,3.0,-8.932,-5.416,1.2560000000000002,9.876,15.968,20.252,22.372,21.124,15.812,9.184,0.3399999999999998,-6.58,0.0,0.0,0.0,0.0,185.008,307.56,383.532,344.844,174.36,0.0,0.0,0.0,1395.3041,1395.3041,682.4216,9.7808,257.0381,16.9,46.6,36.4,408.0,1.22,19.1,6.9,40.8,,6.96956011358541,0.1152331919396063,SpatialPred,6.453021494549824,BayesianBlend,17,,0
116.8125,40.4375,30.316,-12.056,176.0,11.1823,12.4167,29.3039,1144.4763,30.316,-12.056,42.372,24.4373,-3.728,24.4373,-3.728,504.0,176.0,3.0,132.6527,378.0,9.0,378.0,9.0,3.0,3.0,6.0,13.0,31.0,69.0,176.0,133.0,45.0,17.0,5.0,3.0,-5.728,-2.156,4.644,13.372,19.356,23.664,25.5,24.148,19.064,12.232,3.392,-3.312,0.0,0.0,0.0,101.16,290.036,409.92,480.5,438.588,271.92,69.192,0.0,0.0,1992.124,2061.316,97.44889999999998,3.7482000000000006,234.0435,18.0,47.6,34.5,286.0,1.29,16.9,7.7,28.6,,7.103570312718066,0.1152331919396063,SpatialPred,6.291449920801741,BayesianBlend,18,,0
116.8542,40.4375,30.092,-12.08,176.0,10.9868,12.2317,29.0042,1141.8793,30.092,-12.08,42.172,24.224,-3.886,24.224,-3.886,506.0,176.0,3.0,132.4902,379.0,9.0,379.0,9.0,3.0,3.0,6.0,13.0,31.0,69.0,176.0,134.0,46.0,17.0,5.0,3.0,-5.86,-2.38,4.392,13.124,19.104,23.416,25.296,23.968,18.852,12.092,3.276,-3.416,0.0,0.0,0.0,93.72,282.224,402.48,474.176,433.008,265.56,64.852,0.0,0.0,1951.168,2016.02,130.7293,5.3975,272.3231,17.9,47.5,34.6,313.0,1.28,16.4,7.7,31.3,,7.09216260473343,0.1152331919396063,SpatialPred,6.1974545296206776,BayesianBlend,19,,0
116.8958,40.4375,29.776,-12.412,176.0,10.7345,12.177,28.8637,1141.0283,29.776,-12.412,42.188,23.9527,-4.1507,23.9527,-4.1507,506.0,176.0,3.0,132.4902,379.0,9.0,379.0,9.0,3.0,3.0,6.0,13.0,31.0,69.0,176.0,134.0,46.0,17.0,5.0,3.0,-6.148,-2.668,4.124,12.856,18.8,23.104,25.036,23.74,18.612,11.896,3.104,-3.644,0.0,0.0,0.0,85.68,272.8,393.12,466.116,425.94,258.36,58.776,0.0,0.0,1902.0159,1960.7919,174.1833,7.8252,248.5062,17.6,47.6,34.8,288.0,1.29,16.6,7.5,28.8,,7.086305420627067,0.1152331919396063,SpatialPred,6.704808934723548,BayesianBlend,20,,0
116.9375,40.4375,29.792,-12.456,176.0,10.7853,12.0107,28.429,1142.8422,29.792,-12.456,42.248,24.02,-4.1407,24.02,-4.1407,502.0,176.0,3.0,133.4656,377.0,9.0,377.0,9.0,3.0,3.0,6.0,13.0,30.0,67.0,176.0,134.0,46.0,16.0,5.0,3.0,-6.22,-2.728,4.076,12.828,18.796,23.12,25.108,23.84,18.736,12.036,3.324,-3.456,0.0,0.0,0.0,84.84,272.676,393.6,468.348,429.04,262.08,63.116,0.0,0.0,1910.584,1973.7,150.7538,5.202,114.2138,17.2,47.8,35.0,231.0,1.3,17.1,7.2,23.1,,7.086246235674254,0.1152331919396063,SpatialPred,6.405192447738918,BayesianBlend,21,,0
116.9792,40.4375,29.776,-12.448,176.0,10.7653,11.942,28.2825,1144.2542,29.776,-12.448,42.224,24.0167,-4.1853,24.0167,-4.1853,503.0,176.0,3.0,133.1124,377.0,9.0,377.0,9.0,3.0,3.0,6.0,13.0,30.0,67.0,176.0,134.0,46.0,17.0,5.0,3.0,-6.248,-2.76,4.052,12.824,18.74,23.08,25.104,23.868,18.74,12.056,3.284,-3.524,0.0,0.0,0.0,84.72,270.94,392.4,468.224,429.908,262.2,63.736,0.0,0.0,1908.392,1972.128,136.8522,5.0945,24.590100000000007,17.9,50.6,31.5,297.0,1.27,15.9,7.4,29.7,,7.058382989475397,0.1152331919396063,SpatialPred,6.44572439625889,BayesianBlend,22,,0
117.0208,40.4375,29.272,-12.692,177.0,10.2828,11.9817,28.5522,1136.8877,29.272,-12.692,41.964,23.4667,-4.548,23.4667,-4.548,512.0,177.0,3.0,132.3438,383.0,9.0,383.0,9.0,3.0,3.0,7.0,14.0,31.0,69.0,177.0,137.0,47.0,16.0,5.0,3.0,-6.5,-3.108,3.636,12.276,18.224,22.528,24.548,23.308,18.196,11.528,2.748,-4.032,0.0,0.0,0.0,68.28,254.944,375.84,450.988,412.548,245.88,47.368,0.0,0.0,1808.48,1855.848,258.2063,10.4464,271.4023,18.2,49.3,32.5,337.0,1.26,16.5,7.3,33.7,,7.063633385490278,0.1152331919396063,SpatialPred,6.183558007822772,BayesianBlend,23,,0
117.0625,40.4375,28.288,-13.456,177.0,9.2962,12.001,28.749,1128.0176,28.288,-13.456,41.744,22.4247,-5.3773,22.4247,-5.3773,524.0,177.0,3.0,130.4331,389.0,9.0,389.0,9.0,3.0,3.0,7.0,15.0,33.0,72.0,177.0,140.0,49.0,17.0,5.0,3.0,-7.204,-4.028,2.588,11.156,17.14,21.452,23.556,22.26,17.148,10.58,1.808,-4.916,0.0,0.0,0.0,34.68,221.34,343.56,420.236,380.06,214.44,17.980000000000004,0.0,0.0,1614.316,1632.296,484.9299,15.3447,212.6736,18.7,46.7,34.6,406.0,1.24,17.8,7.3,40.6,,7.042987261820826,0.1152331919396063,SpatialPred,6.331030467458553,BayesianBlend,24,,0
117.1042,40.4375,27.62,-14.004,178.0,8.6202,11.929,28.6589,1125.2783,27.62,-14.004,41.624,21.7467,-5.9913,21.7467,-5.9913,535.0,178.0,3.0,128.9454,395.0,9.0,395.0,9.0,3.0,3.0,7.0,16.0,35.0,75.0,178.0,142.0,50.0,17.0,6.0,3.0,-7.764,-4.708,1.84,10.368,16.4,20.752,22.896,21.6,16.464,9.952,1.156,-5.516,0.0,0.0,0.0,11.04,198.4,322.56,399.776,359.6,193.92,0.0,0.0,0.0,1485.296,1485.296,627.1806,18.5834,173.2041,18.4,46.3,35.3,472.0,1.23,18.5,7.1,47.2,,7.009428192108987,0.1152331919396063,SpatialPred,6.433347148357848,BayesianBlend,25,,0
117.1458,40.4375,28.172,-13.6,178.0,9.1522,11.815,28.2845,1135.6639,28.172,-13.6,41.772,22.3607,-5.632,22.3607,-5.632,526.0,178.0,3.0,130.6961,391.0,9.0,391.0,9.0,3.0,3.0,7.0,15.0,34.0,72.0,178.0,141.0,48.0,17.0,5.0,3.0,-7.48,-4.296,2.384,11.008,17.036,21.36,23.488,22.236,17.06,10.48,1.656,-5.132,0.0,0.0,0.0,30.239999999999995,218.116,340.8,418.128,379.316,211.8,14.880000000000004,0.0,0.0,1598.4,1613.28,468.5652,18.7618,120.6268,17.6,49.2,33.1,449.0,1.24,18.0,7.1,44.9,,7.021884657117693,0.1152331919396063,SpatialPred,6.214936426144193,BayesianBlend,26,,0
117.1875,40.4375,28.596,-13.52,177.0,9.512,11.9627,28.4041,1144.3866,28.596,-13.52,42.116,22.7807,-5.4187,22.7807,-5.4187,520.0,177.0,3.0,130.9449,387.0,9.0,387.0,9.0,3.0,3.0,7.0,15.0,33.0,71.0,177.0,139.0,47.0,17.0,5.0,3.0,-7.332,-4.0,2.8,11.504,17.516,21.796,23.892,22.644,17.452,10.828,1.94,-4.936,0.0,0.0,0.0,45.12,232.996,353.88,430.652,391.964,223.56,25.668,0.0,0.0,1678.172,1703.84,365.8876,10.0,273.5239,17.3,51.6,31.1,410.0,1.25,18.2,7.1,41.0,,7.02075454089742,0.1152331919396063,SpatialPred,6.484887217813537,BayesianBlend,27,,0
117.2292,40.4375,27.988,-14.148,178.0,8.896,12.084,28.6786,1140.2777,27.988,-14.148,42.136,22.1393,-5.9653,22.1393,-5.9653,529.0,178.0,3.0,129.9873,392.0,9.0,392.0,9.0,3.0,3.0,7.0,16.0,34.0,73.0,178.0,141.0,49.0,17.0,5.0,3.0,-7.852,-4.552,2.192,10.856,16.876,21.156,23.264,21.992,16.78,10.208,1.316,-5.504,0.0,0.0,0.0,25.68,213.156,334.68,411.184,371.752,203.4,6.448,0.0,0.0,1559.852,1566.3,509.5931,13.2803,197.7437,16.9,54.5,28.6,368.0,1.26,18.6,7.2,36.8,,6.997886062127838,0.1152331919396063,SpatialPred,6.30258207906622,BayesianBlend,28,,0
117.2708,40.4375,27.516,-14.448,178.0,8.467,11.984,28.5578,1136.5992,27.516,-14.448,41.964,21.6893,-6.332,21.6893,-6.332,534.0,178.0,3.0,129.3889,395.0,10.0,395.0,10.0,3.0,4.0,7.0,16.0,35.0,74.0,178.0,143.0,49.0,17.0,5.0,3.0,-8.176,-4.984,1.716,10.356,16.36,20.688,22.812,21.584,16.336,9.844,0.944,-5.852,0.0,0.0,0.0,10.68,197.16,320.64,397.172,359.104,190.08,0.0,0.0,0.0,1474.836,1474.836,586.1139,13.6901,235.7486,17.0,53.2,29.8,424.0,1.25,18.7,7.0,42.4,,6.994072244458157,0.1152331919396063,SpatialPred,6.355740649529342,BayesianBlend,29,,0
117.3125,40.4375,27.216,-14.716,178.0,8.1513,11.9693,28.5446,1136.1128,27.216,-14.716,41.932,21.386,-6.6307,21.386,-6.6307,542.0,178.0,3.0,127.4915,397.0,10.0,397.0,10.0,3.0,4.0,8.0,17.0,36.0,75.0,178.0,144.0,50.0,18.0,6.0,3.0,-8.444,-5.308,1.3520000000000003,9.992,16.008,20.344,22.52,21.28,16.016,9.532,0.6560000000000001,-6.132,0.0,0.0,0.0,0.0,186.248,310.32,388.12,349.68,180.48,0.0,0.0,0.0,1414.848,1414.848,650.7236,16.8456,191.5985,17.3,48.8,33.8,515.0,1.23,18.9,6.9,51.5,,6.970129907421318,0.1152331919396063,SpatialPred,6.2910174509923245,BayesianBlend,30,,0
117.3542,40.4375,27.052,-14.904,178.0,7.9913,12.0247,28.6602,1135.0405,27.052,-14.904,41.956,21.2173,-6.7753,21.2173,-6.7753,546.0,178.0,3.0,126.9943,399.0,10.0,399.0,10.0,3.0,4.0,8.0,17.0,37.0,76.0,178.0,145.0,51.0,18.0,6.0,3.0,-8.596,-5.468,1.1840000000000002,9.82,15.812,20.156,22.356,21.132,15.852,9.384,0.516,-6.276,0.0,0.0,0.0,0.0,180.172,304.68,383.036,345.092,175.56,0.0,0.0,0.0,1388.54,1388.54,675.7443,15.6039,203.2578,17.5,44.6,37.9,556.0,1.21,19.4,6.9,55.60000000000001,,6.979836522401495,0.1152331919396063,SpatialPred,6.729655547689483,BayesianBlend,31,,0
117.3958,40.4375,26.84,-15.132,178.0,7.778,12.0367,28.6778,1133.7048,26.84,-15.132,41.972,20.9953,-6.9667,20.9953,-6.9667,549.0,178.0,3.0,126.5706,400.0,10.0,400.0,10.0,3.0,4.0,8.0,18.0,37.0,76.0,178.0,146.0,52.0,18.0,6.0,3.0,-8.8,-5.66,0.952,9.576,15.576,19.944,22.132,20.904,15.648,9.168,0.3399999999999998,-6.472,0.0,0.0,0.0,0.0,172.856,298.32,376.092,338.024,169.44,0.0,0.0,0.0,1354.732,1354.732,723.3631,15.8822,241.9779,17.2,43.4,39.4,488.0,1.2,19.8,6.9,48.8,,6.977494479679772,0.1152331919396063,SpatialPred,6.398221807187846,BayesianBlend,32,,0
117.4375,40.4375,26.728,-15.396,179.0,7.6302,12.141,28.822,1135.2128,26.728,-15.396,42.124,20.8627,-7.136,20.8627,-7.136,552.0,179.0,3.0,126.4026,402.0,10.0,402.0,10.0,3.0,4.0,8.0,18.0,38.0,77.0,179.0,146.0,52.0,18.0,6.0,3.0,-8.968,-5.772,0.8399999999999994,9.432,15.464,19.84,22.012,20.752,15.496,8.984,0.1720000000000001,-6.652,0.0,0.0,0.0,0.0,169.384,295.2,372.372,333.312,164.88,0.0,0.0,0.0,1335.1481,1335.1481,756.6558,15.8533,106.9214,17.0,44.8,38.3,437.0,1.21,19.5,6.9,43.7,,6.970621605900209,0.1152331919396063,SpatialPred,6.210449588916933,BayesianBlend,33,,0
117.4792,40.4375,27.172,-15.38,178.0,7.9932,12.3843,29.104,1143.3978,27.172,-15.38,42.552,21.298,-6.8993,21.298,-6.8993,548.0,178.0,3.0,126.7775,400.0,10.0,400.0,10.0,3.0,4.0,8.0,18.0,37.0,76.0,178.0,146.0,51.0,18.0,6.0,3.0,-8.82,-5.416,1.2759999999999998,9.908,15.98,20.308,22.436,21.172,15.864,9.264,0.4239999999999999,-6.468,0.0,0.0,0.0,0.0,185.38,309.24,385.516,346.332,175.92,0.0,0.0,0.0,1402.388,1402.388,679.3477,12.6313,117.3683,16.8,46.5,36.8,428.0,1.22,18.9,6.9,42.8,,6.972625812869361,0.1152331919396063,SpatialPred,6.544309706346256,BayesianBlend,34,,0
117.5208,40.4375,27.44,-15.364,177.0,8.1792,12.4123,28.9981,1151.6807,27.44,-15.364,42.804,21.5587,-6.836,21.5587,-6.836,545.0,177.0,3.0,126.5905,397.0,10.0,397.0,10.0,3.0,4.0,8.0,18.0,37.0,75.0,177.0,145.0,51.0,18.0,6.0,3.0,-8.82,-5.284,1.484,10.164,16.264,20.568,22.688,21.432,16.096,9.424,0.56,-6.408,0.0,0.0,0.0,4.920000000000002,194.184,317.04,393.328,354.392,182.88,0.0,0.0,0.0,1446.7441,1446.7441,597.4711,6.2451,191.5217,16.3,48.3,35.4,397.0,1.23,18.8,7.1,39.7,,6.962838780510604,0.1152331919396063,SpatialPred,6.178365161529523,BayesianBlend,35,,0
116.8125,40.3958,30.684,-11.852,180.0,11.432,12.4773,29.3336,1148.639,30.684,-11.852,42.536,24.7613,-3.5173,24.7613,-3.5173,515.0,180.0,3.0,132.4299,386.0,10.0,386.0,10.0,4.0,3.0,7.0,13.0,31.0,71.0,180.0,135.0,46.0,17.0,5.0,3.0,-5.528,-1.876,4.944,13.612,19.604,23.992,25.828,24.456,19.352,12.408,3.54,-3.164,0.0,0.0,0.0,108.36,297.724,419.76,490.668,448.136,280.56,74.648,0.0,0.0,2045.208,2119.856,84.1848,1.9683,211.8414,18.5,48.0,33.5,211.0,1.31,17.5,7.6,21.1,,7.113537242344698,0.1152331919396063,SpatialPred,6.4933625093924086,BayesianBlend,36,,0
116.8542,40.3958,30.588,-11.888,182.0,11.288,12.2993,28.956,1149.6427,30.588,-11.888,42.476,24.638,-3.6693,24.638,-3.6693,516.0,182.0,3.0,133.5242,388.0,9.0,388.0,9.0,3.0,3.0,7.0,13.0,31.0,70.0,182.0,136.0,46.0,17.0,5.0,3.0,-5.648,-2.092,4.72,13.44,19.436,23.816,25.74,24.38,19.196,12.308,3.436,-3.268,0.0,0.0,0.0,103.2,292.516,414.48,487.94,445.78,275.88,71.548,0.0,0.0,2019.796,2091.344,102.3397,4.2804,199.2376,17.7,47.9,34.4,218.0,1.31,17.3,7.4,21.8,,7.098499435434438,0.1152331919396063,SpatialPred,6.103099778032653,BayesianBlend,37,,0
116.8958,40.3958,30.28,-12.224,180.0,11.1032,12.3683,29.0992,1148.6379,30.28,-12.224,42.504,24.4047,-3.8773,24.4047,-3.8773,510.0,180.0,3.0,133.8673,384.0,9.0,384.0,9.0,3.0,3.0,6.0,13.0,31.0,69.0,180.0,135.0,46.0,16.0,5.0,3.0,-5.9,-2.296,4.588,13.32,19.292,23.592,25.48,24.144,18.988,12.18,3.292,-3.448,0.0,0.0,0.0,99.6,288.052,407.76,479.88,438.464,269.64,67.58,0.0,0.0,1983.3961,2050.9761,102.3005,3.5898000000000003,189.8554,17.4,48.2,34.5,208.0,1.31,17.0,7.3,20.8,,7.105577690737191,0.1152331919396063,SpatialPred,6.217851783532264,BayesianBlend,38,,0
116.9375,40.3958,30.14,-12.392,179.0,11.0102,12.3263,28.9813,1149.4021,30.14,-12.392,42.532,24.304,-3.998,24.304,-3.998,507.0,179.0,3.0,133.7997,382.0,9.0,382.0,9.0,3.0,3.0,6.0,13.0,31.0,69.0,179.0,134.0,45.0,16.0,5.0,3.0,-6.032,-2.392,4.5,13.256,19.196,23.484,25.368,24.048,18.912,12.112,3.232,-3.548,0.0,0.0,0.0,97.68,285.076,404.52,476.408,435.488,267.36,65.472,0.0,0.0,1966.532,2032.004,100.7406,2.558,231.236,18.3,50.1,31.6,200.0,1.31,16.7,7.7,20.0,,7.099042912005542,0.1152331919396063,SpatialPred,6.485296302390844,BayesianBlend,39,,0
116.9792,40.3958,29.9,-12.504,179.0,10.8178,12.251,28.8911,1145.927,29.9,-12.504,42.404,24.0807,-4.1427,24.0807,-4.1427,508.0,179.0,3.0,133.7316,382.0,9.0,382.0,9.0,3.0,3.0,6.0,14.0,30.0,68.0,179.0,135.0,46.0,16.0,5.0,3.0,-6.18,-2.552,4.296,13.008,18.924,23.22,25.148,23.864,18.724,11.948,3.096,-3.704,0.0,0.0,0.0,90.24,276.644,396.6,469.588,429.784,261.72,60.388,0.0,0.0,1924.576,1984.964,144.0788,6.6307,240.8987,18.1,49.2,32.6,237.0,1.29,17.4,7.7,23.7,,7.097049154437673,0.1152331919396063,SpatialPred,6.580410575855622,BayesianBlend,40,,0
117.0208,40.3958,29.664,-12.492,179.0,10.6605,12.1723,28.8745,1138.9702,29.664,-12.492,42.156,23.8527,-4.2073,23.8527,-4.2073,511.0,179.0,3.0,133.5933,384.0,9.0,384.0,9.0,3.0,3.0,6.0,14.0,31.0,68.0,179.0,137.0,46.0,16.0,5.0,3.0,-6.208,-2.668,4.092,12.76,18.66,22.944,24.928,23.688,18.544,11.852,3.052,-3.748,0.0,0.0,0.0,82.8,268.46,388.32,462.768,424.328,256.32,57.412,0.0,0.0,1882.996,1940.408,192.3978,8.7822,216.0364,17.9,48.0,34.0,297.0,1.27,18.2,7.5,29.7,,7.095855623778791,0.1152331919396063,SpatialPred,6.479474618748151,BayesianBlend,41,,0
117.0625,40.3958,29.264,-12.736,179.0,10.2898,12.1363,28.896,1135.127,29.264,-12.736,42.0,23.454,-4.5173,23.454,-4.5173,517.0,179.0,3.0,132.6859,387.0,9.0,387.0,9.0,3.0,3.0,7.0,14.0,32.0,69.0,179.0,139.0,47.0,16.0,5.0,3.0,-6.448,-3.056,3.676,12.332,18.256,22.532,24.536,23.296,18.172,11.508,2.728,-4.048,0.0,0.0,0.0,69.96,255.936,375.96,450.616,412.176,245.16,46.748,0.0,0.0,1809.8079,1856.5559,264.9114,10.3569,231.7725,17.8,47.1,35.1,392.0,1.25,18.2,7.3,39.2,,7.081129729828245,0.1152331919396063,SpatialPred,6.422601850915368,BayesianBlend,42,,0
117.1042,40.3958,29.112,-12.884,179.0,10.1375,12.1837,29.0115,1135.2584,29.112,-12.884,41.996,23.302,-4.6673,23.302,-4.6673,519.0,179.0,3.0,132.6163,389.0,9.0,389.0,9.0,3.0,3.0,7.0,14.0,32.0,70.0,179.0,140.0,47.0,16.0,5.0,3.0,-6.568,-3.22,3.52,12.184,18.104,22.36,24.388,23.16,18.012,11.356,2.56,-4.22,0.0,0.0,0.0,65.52,251.224,370.8,446.028,407.96,240.36,42.036,0.0,0.0,1781.8921,1823.9281,285.2692,8.2776,186.4872,17.3,48.5,34.2,385.0,1.24,17.9,7.2,38.5,,7.07019193956857,0.1152331919396063,SpatialPred,6.385270517217887,BayesianBlend,43,,0
117.1458,40.3958,28.708,-13.272,180.0,9.697,12.0993,28.8217,1136.6714,28.708,-13.272,41.98,22.8913,-5.1213,22.8913,-5.1213,524.0,180.0,3.0,132.0614,391.0,9.0,391.0,9.0,3.0,3.0,7.0,15.0,33.0,70.0,180.0,141.0,48.0,16.0,5.0,3.0,-7.004,-3.704,3.048,11.684,17.668,21.94,24.0,22.748,17.572,10.96,2.136,-4.668,0.0,0.0,0.0,50.52,237.708,358.2,434.0,395.188,227.16,29.76,0.0,0.0,1702.776,1732.536,373.0901,10.6921,308.1293,17.0,49.6,33.4,337.0,1.26,18.8,7.3,33.7,,7.056667864547551,0.1152331919396063,SpatialPred,6.171178646671788,BayesianBlend,44,,0
117.1875,40.3958,28.028,-13.912,180.0,8.965,11.946,28.4835,1138.3073,28.028,-13.912,41.94,22.196,-5.862,22.196,-5.862,531.0,180.0,3.0,130.6644,394.0,9.0,394.0,9.0,3.0,3.0,7.0,16.0,34.0,72.0,180.0,142.0,49.0,17.0,5.0,3.0,-7.72,-4.5,2.248,10.868,16.916,21.232,23.316,22.036,16.864,10.272,1.424,-5.38,0.0,0.0,0.0,26.04,214.396,336.96,412.796,373.116,205.92,8.432000000000002,0.0,0.0,1569.228,1577.66,530.0196,17.0545,352.6855,17.1,48.9,33.9,390.0,1.25,19.8,7.1,39.0,,7.0277074003200655,0.1152331919396063,SpatialPred,6.293689762623794,BayesianBlend,45,,0
117.2292,40.3958,27.892,-14.124,179.0,8.8165,11.8457,28.1932,1144.0361,27.892,-14.124,42.016,22.094,-6.1027,22.094,-6.1027,531.0,179.0,3.0,130.1708,393.0,9.0,393.0,9.0,3.0,3.0,7.0,16.0,35.0,72.0,179.0,142.0,49.0,17.0,5.0,3.0,-7.996,-4.724,2.088,10.78,16.808,21.1,23.208,21.956,16.752,10.164,1.224,-5.608,0.0,0.0,0.0,23.4,211.048,333.0,409.448,370.636,202.56,5.084000000000003,0.0,0.0,1550.092,1555.176,511.7768,14.8213,350.9627,18.2,44.8,37.0,438.0,1.24,20.6,6.9,43.8,,7.029030311413181,0.1152331919396063,SpatialPred,6.340143482564889,BayesianBlend,46,,0
117.2708,40.3958,27.764,-14.28,179.0,8.6933,11.8333,28.1451,1145.5592,27.764,-14.28,42.044,21.9893,-6.2507,21.9893,-6.2507,533.0,179.0,3.0,130.1217,395.0,9.0,395.0,9.0,3.0,3.0,7.0,16.0,35.0,73.0,179.0,143.0,49.0,17.0,5.0,3.0,-8.164,-4.872,1.944,10.688,16.672,20.992,23.104,21.892,16.624,10.06,1.116,-5.724,0.0,0.0,0.0,20.64,206.832,329.76,406.224,368.652,198.72,1.86,0.0,0.0,1530.8281,1532.6881,511.994,14.8553,5.066100000000006,18.5,42.6,38.9,404.0,1.23,20.1,6.9,40.4,,7.028235383124022,0.1152331919396063,SpatialPred,6.608649821636406,BayesianBlend,47,,0
117.3125,40.3958,27.572,-14.452,179.0,8.5123,11.8633,28.2299,1143.5499,27.572,-14.452,42.024,21.7973,-6.398,21.7973,-6.398,534.0,179.0,3.0,129.9815,396.0,9.0,396.0,9.0,3.0,3.0,7.0,16.0,35.0,74.0,179.0,143.0,49.0,17.0,5.0,3.0,-8.272,-5.044,1.7359999999999998,10.464,16.452,20.768,22.916,21.704,16.436,9.884,0.972,-5.864,0.0,0.0,0.0,13.920000000000002,200.012,323.04,400.396,362.824,193.08,0.0,0.0,0.0,1493.272,1493.272,547.7368,16.2037,332.8807,17.8,43.1,39.1,393.0,1.23,19.2,7.0,39.3,,7.029569773115999,0.1152331919396063,SpatialPred,6.482817923151504,BayesianBlend,48,,0
117.3542,40.3958,27.4,-14.664,179.0,8.3563,11.9413,28.3885,1142.537,27.4,-14.664,42.064,21.6293,-6.544,21.6293,-6.544,540.0,179.0,3.0,128.4901,397.0,10.0,397.0,10.0,3.0,4.0,8.0,16.0,36.0,74.0,179.0,144.0,50.0,17.0,6.0,3.0,-8.416,-5.192,1.588,10.296,16.284,20.604,22.744,21.54,16.28,9.736,0.8439999999999999,-6.008,0.0,0.0,0.0,8.880000000000003,194.804,318.12,395.064,357.74,188.4,0.0,0.0,0.0,1463.008,1463.008,578.0615,14.8663,333.2406,17.4,44.5,38.2,392.0,1.22,19.2,6.9,39.2,,7.003051122642542,0.1152331919396063,SpatialPred,6.098809533456529,BayesianBlend,49,,0
117.3958,40.3958,27.204,-14.88,179.0,8.1612,11.989,28.4883,1140.4814,27.204,-14.88,42.084,21.4193,-6.7047,21.4193,-6.7047,544.0,179.0,3.0,128.0406,399.0,10.0,399.0,10.0,3.0,4.0,8.0,17.0,36.0,74.0,179.0,146.0,50.0,18.0,6.0,3.0,-8.588,-5.356,1.384,10.064,16.064,20.376,22.536,21.332,16.084,9.544,0.6680000000000001,-6.188,0.0,0.0,0.0,1.9200000000000017,187.984,311.28,388.616,351.292,182.52,0.0,0.0,0.0,1423.612,1423.612,627.991,14.102,312.3624,17.2,45.4,37.4,426.0,1.22,19.6,6.8,42.6,,6.984145394031906,0.1152331919396063,SpatialPred,6.460741374453592,BayesianBlend,50,,0
117.4375,40.3958,26.984,-15.16,179.0,7.9093,12.0787,28.6605,1139.1652,26.984,-15.16,42.144,21.1633,-6.9293,21.1633,-6.9293,550.0,179.0,3.0,126.7342,401.0,10.0,401.0,10.0,3.0,4.0,8.0,18.0,38.0,76.0,179.0,146.0,51.0,18.0,6.0,3.0,-8.8,-5.556,1.144,9.776,15.812,20.128,22.292,21.076,15.796,9.272,0.4199999999999999,-6.448,0.0,0.0,0.0,0.0,180.172,303.84,381.052,343.356,173.88,0.0,0.0,0.0,1382.3,1382.3,692.853,12.9286,358.8555,16.8,45.7,37.5,457.0,1.23,19.3,6.7,45.7,,6.96995863347369,0.1152331919396063,SpatialPred,6.32931665779648,BayesianBlend,51,,0
117.4792,40.3958,27.028,-15.296,179.0,7.8712,12.123,28.6433,1143.3611,27.028,-15.296,42.324,21.1767,-7.0207,21.1767,-7.0207,551.0,179.0,3.0,126.609,402.0,10.0,402.0,10.0,3.0,4.0,8.0,18.0,38.0,77.0,179.0,146.0,51.0,18.0,6.0,3.0,-8.92,-5.608,1.104,9.74,15.816,20.124,22.316,21.088,15.784,9.192,0.3559999999999998,-6.528,0.0,0.0,0.0,0.0,180.296,303.72,381.796,343.728,173.52,0.0,0.0,0.0,1383.06,1383.06,696.9902,10.359,10.110099999999989,16.2,45.0,38.9,432.0,1.24,19.1,6.8,43.2,,6.966898422022146,0.1152331919396063,SpatialPred,6.276370609910363,BayesianBlend,52,,0
117.5208,40.3958,26.952,-15.38,180.0,7.8197,12.1233,28.6387,1142.9331,26.952,-15.38,42.332,21.1173,-7.0667,21.1173,-7.0667,553.0,180.0,3.0,126.9192,404.0,10.0,404.0,10.0,3.0,4.0,8.0,18.0,38.0,77.0,180.0,147.0,51.0,18.0,6.0,3.0,-8.968,-5.644,1.016,9.664,15.768,20.072,22.252,21.048,15.752,9.172,0.3399999999999998,-6.576,0.0,0.0,0.0,0.0,178.808,302.16,379.812,342.488,172.56,0.0,0.0,0.0,1375.828,1375.828,658.2404,7.9948,324.2842,16.1,45.9,37.9,371.0,1.26,19.9,6.9,37.1,,6.969892522823547,0.1152331919396063,SpatialPred,6.505839579458237,BayesianBlend,53,,0
116.8125,40.3542,30.772,-11.836,186.0,11.4512,12.3243,28.9249,1154.7192,30.772,-11.836,42.608,24.8507,-3.5853,24.8507,-3.5853,523.0,186.0,3.0,133.8825,394.0,10.0,394.0,10.0,4.0,3.0,7.0,14.0,31.0,71.0,186.0,137.0,45.0,17.0,5.0,3.0,-5.62,-1.936,4.932,13.652,19.608,24.048,25.916,24.584,19.428,12.456,3.556,-3.204,0.0,0.0,0.0,109.56,297.848,421.44,493.396,452.104,282.84,76.136,0.0,0.0,2057.188,2133.324,64.8039,0.9168000000000004,220.6846,18.4,42.7,38.9,190.0,1.32,18.4,7.8,19.0,,7.142752627993764,0.1152331919396063,SpatialPred,6.650956156972905,BayesianBlend,54,,0
116.8542,40.3542,30.484,-11.98,185.0,11.2523,12.2153,28.7663,1152.9613,30.484,-11.98,42.464,24.6127,-3.776,24.6127,-3.776,519.0,185.0,3.0,134.5038,392.0,10.0,392.0,10.0,4.0,3.0,7.0,13.0,31.0,70.0,185.0,137.0,45.0,16.0,5.0,3.0,-5.8,-2.176,4.704,13.496,19.436,23.808,25.684,24.34,19.184,12.308,3.404,-3.356,0.0,0.0,0.0,104.88,292.516,414.24,486.204,444.54,275.52,71.548,0.0,0.0,2017.9001,2089.448,75.7955,1.3846000000000007,298.4296,18.2,44.6,37.2,179.0,1.33,17.8,7.8,17.9,,7.141152158403351,0.1152331919396063,SpatialPred,6.632637512065111,BayesianBlend,55,,0
116.8958,40.3542,29.88,-12.232,182.0,10.8643,12.1033,28.7408,1144.0966,29.88,-12.232,42.112,24.0987,-4.074,24.0987,-4.074,512.0,182.0,3.0,134.5765,387.0,9.0,387.0,9.0,3.0,3.0,7.0,13.0,30.0,69.0,182.0,136.0,45.0,16.0,5.0,3.0,-6.06,-2.552,4.336,13.092,18.996,23.292,25.152,23.836,18.74,11.996,3.128,-3.608,0.0,0.0,0.0,92.76,278.876,398.76,469.712,428.916,262.2,61.876,0.0,0.0,1931.224,1993.1,141.9016,6.2835,315.5388,18.1,47.0,34.9,172.0,1.33,18.0,7.8,17.2,,7.11817156963812,0.1152331919396063,SpatialPred,6.309621344708696,BayesianBlend,56,,0
116.9375,40.3542,29.42,-12.532,182.0,10.479,12.06,28.7471,1138.3077,29.42,-12.532,41.952,23.6593,-4.378,23.6593,-4.378,517.0,182.0,3.0,133.5889,389.0,9.0,389.0,9.0,3.0,3.0,7.0,14.0,31.0,70.0,182.0,137.0,46.0,16.0,5.0,3.0,-6.328,-2.884,3.952,12.632,18.532,22.824,24.728,23.424,18.32,11.652,2.812,-3.936,0.0,0.0,0.0,78.96,264.492,384.72,456.568,416.144,249.6,51.212,0.0,0.0,1850.484,1901.696,229.2314,10.463,9.197100000000006,18.0,47.4,34.5,208.0,1.31,18.3,7.7,20.8,,7.098901192508767,0.1152331919396063,SpatialPred,6.395600361374347,BayesianBlend,57,,0
116.9792,40.3542,29.708,-12.436,182.0,10.7358,12.1563,28.8448,1141.8544,29.708,-12.436,42.144,23.94,-4.1807,23.94,-4.1807,516.0,182.0,3.0,133.97,389.0,9.0,389.0,9.0,3.0,3.0,6.0,14.0,31.0,70.0,182.0,137.0,46.0,16.0,5.0,3.0,-6.184,-2.608,4.232,12.944,18.852,23.104,24.996,23.7,18.6,11.888,3.056,-3.748,0.0,0.0,0.0,88.32,274.412,393.12,464.876,424.7,258.0,58.528,0.0,0.0,1903.428,1961.956,165.7616,6.3063,322.4851,18.0,47.3,34.6,278.0,1.29,18.1,7.5,27.8,,7.104797350281057,0.1152331919396063,SpatialPred,6.51146055362565,BayesianBlend,58,,0
117.0208,40.3542,29.488,-12.56,182.0,10.5257,12.096,28.7671,1138.9814,29.488,-12.56,42.048,23.71,-4.346,23.71,-4.346,518.0,182.0,3.0,133.7534,390.0,9.0,390.0,9.0,3.0,3.0,6.0,14.0,32.0,70.0,182.0,138.0,46.0,16.0,5.0,3.0,-6.32,-2.792,3.992,12.672,18.568,22.836,24.776,23.536,18.388,11.708,2.892,-3.912,0.0,0.0,0.0,80.16,265.608,385.08,458.056,419.616,251.64,52.948,0.0,0.0,1860.1601,1913.1081,213.9427,8.5171,313.4016,17.9,47.9,34.2,342.0,1.27,17.6,7.3,34.2,,7.092411879122459,0.1152331919396063,SpatialPred,6.6205023897699045,BayesianBlend,59,,0
117.0625,40.3542,29.092,-12.7,182.0,10.2102,12.0023,28.7192,1132.7603,29.092,-12.7,41.792,23.3427,-4.5673,23.3427,-4.5673,522.0,182.0,3.0,133.2956,392.0,9.0,392.0,9.0,3.0,3.0,7.0,14.0,32.0,70.0,182.0,140.0,47.0,16.0,5.0,3.0,-6.504,-3.104,3.636,12.248,18.152,22.432,24.428,23.188,18.068,11.444,2.676,-4.116,0.0,0.0,0.0,67.44,252.712,372.96,447.268,408.828,242.04,44.764,0.0,0.0,1791.248,1836.012,282.14,11.1933,285.3669,17.5,48.6,33.9,336.0,1.26,17.9,7.3,33.6,,7.07801030108149,0.1152331919396063,SpatialPred,6.356934169970938,BayesianBlend,60,,0
117.1042,40.3542,28.428,-13.184,182.0,9.5367,11.9093,28.6199,1127.4912,28.428,-13.184,41.612,22.648,-5.1387,22.648,-5.1387,530.0,182.0,3.0,131.9522,396.0,9.0,396.0,9.0,3.0,3.0,7.0,15.0,33.0,72.0,182.0,142.0,48.0,17.0,5.0,3.0,-6.984,-3.76,2.852,11.42,17.388,21.692,23.752,22.496,17.372,10.812,2.056,-4.656,0.0,0.0,0.0,42.6,229.028,350.76,426.312,387.376,221.16,25.172,0.0,0.0,1657.236,1682.408,435.0838,15.9992,311.074,17.4,47.5,35.2,326.0,1.26,18.6,7.3,32.6,,7.058243855182298,0.1152331919396063,SpatialPred,6.400821809248454,BayesianBlend,61,,0
117.1458,40.3542,28.368,-13.224,182.0,9.4773,11.852,28.4959,1128.6079,28.368,-13.224,41.592,22.5927,-5.2227,22.5927,-5.2227,530.0,182.0,3.0,131.9522,396.0,9.0,396.0,9.0,3.0,3.0,7.0,15.0,33.0,72.0,182.0,142.0,48.0,17.0,5.0,3.0,-7.06,-3.868,2.772,11.368,17.324,21.612,23.716,22.468,17.34,10.796,2.02,-4.712,0.0,0.0,0.0,41.04,227.044,348.36,425.196,386.508,220.2,24.676,0.0,0.0,1648.348,1673.024,427.0219,12.9186,247.8772,17.7,45.3,37.0,354.0,1.26,18.9,7.1,35.4,,7.059557700331729,0.1152331919396063,SpatialPred,6.238286315206658,BayesianBlend,62,,0
117.1875,40.3542,27.928,-13.7,182.0,9.0017,11.8173,28.3879,1129.7247,27.928,-13.7,41.628,22.142,-5.7073,22.142,-5.7073,535.0,182.0,3.0,131.4723,399.0,9.0,399.0,9.0,3.0,3.0,7.0,16.0,34.0,73.0,182.0,144.0,49.0,16.0,5.0,3.0,-7.528,-4.384,2.28,10.844,16.828,21.148,23.26,22.02,16.88,10.34,1.5400000000000005,-5.204,0.0,0.0,0.0,25.32,211.668,334.44,411.06,372.62,206.4,10.54,0.0,0.0,1561.508,1572.048,522.1111,14.6142,231.8037,17.7,43.2,39.1,326.0,1.27,20.0,7.0,32.6,,7.060939012341622,0.1152331919396063,SpatialPred,6.2229339868902445,BayesianBlend,63,,0
117.2292,40.3542,26.84,-14.7,181.0,7.8368,11.5903,27.9016,1132.5062,26.84,-14.7,41.54,21.0507,-6.8773,21.0507,-6.8773,550.0,181.0,3.0,127.8121,404.0,10.0,404.0,10.0,3.0,4.0,8.0,18.0,37.0,77.0,181.0,146.0,50.0,17.0,6.0,3.0,-8.652,-5.672,1.0,9.576,15.628,20.036,22.208,20.92,15.752,9.228,0.3799999999999999,-6.324,0.0,0.0,0.0,0.0,174.468,301.08,378.448,338.52,172.56,0.0,0.0,0.0,1365.076,1365.076,740.461,20.6235,275.3668,17.4,43.5,39.1,298.0,1.27,20.0,7.1,29.8,,6.9980549823625084,0.1152331919396063,SpatialPred,6.552956874355006,BayesianBlend,64,,0
117.2708,40.3542,26.336,-15.12,181.0,7.3177,11.4413,27.5987,1134.2371,26.336,-15.12,41.456,20.5687,-7.4047,20.5687,-7.4047,556.0,181.0,3.0,126.6592,406.0,10.0,406.0,10.0,3.0,4.0,9.0,18.0,38.0,78.0,181.0,147.0,51.0,18.0,6.0,3.0,-9.156,-6.256,0.3959999999999999,9.004,15.064,19.532,21.72,20.452,15.248,8.732,-0.1120000000000005,-6.808,0.0,0.0,0.0,0.0,156.984,285.96,363.32,324.012,157.44,0.0,0.0,0.0,1287.716,1287.716,847.8308,21.5519,22.80940000000001,17.2,44.8,38.1,333.0,1.26,18.9,7.0,33.3,,6.955085162839608,0.1152331919396063,SpatialPred,6.631651210207487,BayesianBlend,65,,0
117.3125,40.3542,26.548,-14.92,182.0,7.5992,11.5823,27.9308,1130.9058,26.548,-14.92,41.468,20.8033,-7.094,20.8033,-7.094,553.0,182.0,3.0,127.9073,406.0,10.0,406.0,10.0,3.0,4.0,8.0,18.0,37.0,77.0,182.0,147.0,51.0,17.0,6.0,3.0,-8.84,-5.904,0.7400000000000002,9.324,15.328,19.76,21.936,20.704,15.484,8.996,0.2000000000000001,-6.516,0.0,0.0,0.0,0.0,165.168,292.8,370.016,331.824,164.52000000000004,0.0,0.0,0.0,1324.3281,1324.3281,776.702,19.893,60.1114,16.9,44.8,38.4,353.0,1.26,18.9,6.8,35.3,,6.979436281874986,0.1152331919396063,SpatialPred,6.388653580533476,BayesianBlend,66,,0
117.3542,40.3542,26.808,-14.74,181.0,7.8892,11.6643,28.0744,1131.1494,26.808,-14.74,41.548,21.0767,-6.826,21.0767,-6.826,550.0,181.0,3.0,128.5042,405.0,10.0,405.0,10.0,3.0,4.0,8.0,17.0,36.0,76.0,181.0,148.0,51.0,17.0,6.0,3.0,-8.604,-5.604,1.052,9.664,15.628,20.024,22.2,21.004,15.772,9.3,0.508,-6.26,0.0,0.0,0.0,0.0,174.468,300.72,378.2,341.124,173.16,0.0,0.0,0.0,1367.672,1367.672,708.343,16.8941,317.8141,16.4,43.8,39.8,359.0,1.26,19.7,6.7,35.9,,6.99398163893374,0.1152331919396063,SpatialPred,6.5851194375575535,BayesianBlend,67,,0
117.3958,40.3542,26.78,-14.708,182.0,7.9028,11.7317,28.2773,1125.8047,26.78,-14.708,41.488,21.0393,-6.7353,21.0393,-6.7353,554.0,182.0,3.0,127.8168,406.0,10.0,406.0,10.0,3.0,4.0,8.0,18.0,37.0,76.0,182.0,148.0,51.0,18.0,6.0,3.0,-8.508,-5.504,1.052,9.644,15.576,19.964,22.16,20.976,15.768,9.312,0.5680000000000001,-6.172,0.0,0.0,0.0,0.0,172.856,298.92,376.96,340.256,173.04,0.0,0.0,0.0,1362.032,1362.032,721.2499,19.2836,130.4504,15.9,43.0,41.1,358.0,1.26,19.8,6.7,35.8,,6.989140778301364,0.1152331919396063,SpatialPred,6.469440039096787,BayesianBlend,68,,0
117.4375,40.3542,27.396,-14.288,181.0,8.5052,11.8457,28.4178,1130.3501,27.396,-14.288,41.684,21.662,-6.222,21.662,-6.222,549.0,181.0,3.0,128.1091,403.0,10.0,403.0,10.0,3.0,4.0,8.0,18.0,36.0,75.0,181.0,147.0,50.0,18.0,6.0,3.0,-8.052,-4.94,1.716,10.324,16.24,20.576,22.772,21.62,16.412,9.92,1.1639999999999997,-5.68,0.0,0.0,0.0,9.720000000000006,193.44,317.28,395.932,360.22,192.36,0.0,0.0,0.0,1468.952,1468.952,563.9816,19.0703,165.9038,15.6,42.5,41.8,361.0,1.26,19.7,6.8,36.1,,7.004730513759186,0.1152331919396063,SpatialPred,6.2975085113373535,BayesianBlend,69,,0
117.4792,40.3542,26.692,-15.0,181.0,7.7445,11.8643,28.4571,1128.7806,26.692,-15.0,41.692,20.9073,-6.938,20.9073,-6.938,557.0,181.0,3.0,126.7914,407.0,10.0,407.0,10.0,3.0,4.0,8.0,19.0,38.0,78.0,181.0,148.0,51.0,18.0,6.0,3.0,-8.708,-5.688,0.8959999999999999,9.456,15.472,19.828,22.048,20.864,15.652,9.168,0.4119999999999999,-6.392,0.0,0.0,0.0,0.0,169.632,294.84,373.488,336.784,169.56,0.0,0.0,0.0,1344.304,1344.304,735.4497999999999,17.3236,225.3932,15.8,43.1,41.1,372.0,1.25,20.3,6.8,37.2,,6.981880833452629,0.1152331919396063,SpatialPred,6.466422067756723,BayesianBlend,70,,0
117.5208,40.3542,26.2,-15.44,181.0,7.2422,11.6837,28.0588,1131.3575,26.2,-15.44,41.64,20.4447,-7.462,20.4447,-7.462,562.0,181.0,3.0,125.8745,409.0,10.0,409.0,10.0,3.0,4.0,9.0,19.0,39.0,79.0,181.0,149.0,51.0,19.0,6.0,3.0,-9.24,-6.236,0.3079999999999998,8.896,14.968,19.344,21.588,20.396,15.18,8.68,-0.076,-6.904,0.0,0.0,0.0,0.0,154.008,280.32,359.228,322.276,155.4,0.0,0.0,0.0,1271.232,1271.232,773.5098,14.3506,240.2189,15.6,46.0,38.4,378.0,1.25,20.2,7.0,37.8,,6.9402570820187846,0.1152331919396063,SpatialPred,6.657774685489931,BayesianBlend,71,,0
116.8125,40.3125,30.028,-11.792,184.0,11.0855,12.005,28.7064,1138.1964,30.028,-11.792,41.82,24.2787,-3.7513,24.2787,-3.7513,517.0,184.0,3.0,134.6006,391.0,9.0,391.0,9.0,3.0,3.0,7.0,14.0,30.0,70.0,184.0,137.0,45.0,16.0,5.0,3.0,-5.708,-2.228,4.544,13.232,19.116,23.5,25.328,24.032,18.98,12.208,3.376,-3.308,0.0,0.0,0.0,96.96,282.596,405.0,475.168,434.992,269.4,68.448,0.0,0.0,1964.116,2032.564,136.0249,7.6778,296.8843,18.2,43.6,38.2,171.0,1.34,17.5,7.7,17.1,,7.134627024368968,0.1152331919396063,SpatialPred,6.458665418769141,BayesianBlend,72,,0
116.8542,40.3125,29.292,-12.168,183.0,10.4555,11.7923,28.4427,1130.504,29.292,-12.168,41.46,23.5687,-4.2753,23.5687,-4.2753,520.0,183.0,3.0,133.9758,392.0,9.0,392.0,9.0,3.0,3.0,7.0,14.0,31.0,70.0,183.0,139.0,46.0,16.0,5.0,3.0,-6.176,-2.864,3.84,12.524,18.372,22.728,24.636,23.344,18.296,11.664,2.872,-3.78,0.0,0.0,0.0,75.72,259.532,381.84,453.716,413.664,248.88,51.584,0.0,0.0,1833.352,1884.936,251.9676,12.1113,349.6455,18.1,45.7,36.3,216.0,1.32,17.3,7.6,21.6,,7.106012649780334,0.1152331919396063,SpatialPred,6.730420053362549,BayesianBlend,73,,0
116.8958,40.3125,28.996,-12.384,184.0,10.232,11.8907,28.7353,1124.1024,28.996,-12.384,41.38,23.2753,-4.4167,23.2753,-4.4167,524.0,184.0,3.0,133.5163,394.0,9.0,394.0,9.0,3.0,3.0,7.0,14.0,32.0,71.0,184.0,139.0,47.0,16.0,5.0,3.0,-6.292,-3.044,3.632,12.256,18.112,22.416,24.332,23.052,18.016,11.464,2.72,-3.912,0.0,0.0,0.0,67.68,251.472,372.48,444.292,404.612,240.48,45.384,0.0,0.0,1781.016,1826.4,298.9438,13.4894,236.8115,18.1,45.0,36.9,325.0,1.28,17.4,7.3,32.5,,7.100755144294248,0.1152331919396063,SpatialPred,5.987109027842055,BayesianBlend,74,,0
116.9375,40.3125,29.376,-12.2,185.0,10.6078,12.0503,28.9839,1126.1251,29.376,-12.2,41.576,23.6533,-4.0893,23.6533,-4.0893,522.0,185.0,3.0,134.4376,394.0,9.0,394.0,9.0,3.0,3.0,7.0,14.0,31.0,70.0,185.0,139.0,46.0,16.0,5.0,3.0,-6.004,-2.652,4.08,12.72,18.54,22.804,24.7,23.444,18.376,11.836,3.064,-3.616,0.0,0.0,0.0,81.6,264.74,384.12,455.7,416.764,251.28,56.916,0.0,0.0,1854.204,1911.12,210.1388,10.9305,128.8893,18.1,44.1,37.8,402.0,1.26,17.7,7.0,40.2,,7.113805081529036,0.1152331919396063,SpatialPred,6.602056276430355,BayesianBlend,75,,0
116.9792,40.3125,29.292,-12.232,185.0,10.5477,11.9667,28.8187,1126.5769,29.292,-12.232,41.524,23.598,-4.1527,23.598,-4.1527,522.0,185.0,3.0,134.4376,394.0,9.0,394.0,9.0,3.0,3.0,7.0,14.0,31.0,70.0,185.0,139.0,46.0,16.0,5.0,3.0,-6.064,-2.692,4.0,12.636,18.496,22.764,24.636,23.396,18.324,11.772,3.028,-3.684,0.0,0.0,0.0,79.08,263.376,382.92,453.716,415.276,249.72,54.932,0.0,0.0,1844.088,1899.02,215.0373,10.1141,230.8058,18.3,45.8,36.0,369.0,1.26,17.9,7.1,36.9,,7.105844512821647,0.1152331919396063,SpatialPred,6.468633102404896,BayesianBlend,76,,0
117.0208,40.3125,28.896,-12.444,185.0,10.1587,11.8187,28.5889,1121.5319,28.896,-12.444,41.34,23.188,-4.4567,23.188,-4.4567,525.0,185.0,3.0,134.3492,396.0,9.0,396.0,9.0,3.0,3.0,7.0,14.0,31.0,70.0,185.0,141.0,47.0,16.0,5.0,3.0,-6.336,-3.076,3.544,12.12,17.96,22.268,24.248,23.044,17.952,11.424,2.708,-3.972,0.0,0.0,0.0,63.6,246.76,368.04,441.688,404.364,238.56,44.144,0.0,0.0,1763.0119,1807.1559,305.3876,13.4135,131.3839,18.6,46.7,34.6,330.0,1.27,18.3,7.1,33.0,,7.091352284866857,0.1152331919396063,SpatialPred,6.394314103233113,BayesianBlend,77,,0
117.0625,40.3125,29.088,-12.296,184.0,10.3712,11.819,28.5593,1123.3027,29.088,-12.296,41.384,23.404,-4.288,23.404,-4.288,522.0,184.0,3.0,134.2052,393.0,9.0,393.0,9.0,3.0,3.0,7.0,14.0,31.0,69.0,184.0,140.0,47.0,16.0,5.0,3.0,-6.184,-2.884,3.776,12.352,18.164,22.448,24.464,23.292,18.192,11.648,2.932,-3.78,0.0,0.0,0.0,70.56,253.084,373.44,448.384,412.052,245.76,51.088,0.0,0.0,1803.28,1854.368,242.9649,11.9421,238.4676,18.9,45.8,35.3,320.0,1.27,18.9,7.2,32.0,,7.098654324034395,0.1152331919396063,SpatialPred,6.466521215305883,BayesianBlend,78,,0
117.1042,40.3125,28.848,-12.62,184.0,10.085,11.8213,28.5071,1125.0421,28.848,-12.62,41.468,23.1467,-4.586,23.1467,-4.586,525.0,184.0,3.0,133.8312,395.0,9.0,395.0,9.0,3.0,3.0,7.0,14.0,32.0,70.0,184.0,141.0,47.0,16.0,5.0,3.0,-6.48,-3.212,3.452,12.028,17.892,22.18,24.216,23.044,17.932,11.38,2.656,-4.068,0.0,0.0,0.0,60.84,244.652,365.4,440.696,404.364,237.96,42.78,0.0,0.0,1753.912,1796.692,307.1927,10.3242,296.1293,18.3,46.0,35.7,325.0,1.27,19.2,7.2,32.5,,7.090014445896628,0.1152331919396063,SpatialPred,6.094680773659598,BayesianBlend,79,,0
117.1458,40.3125,28.248,-13.084,184.0,9.4653,11.6893,28.2816,1123.6349,28.248,-13.084,41.332,22.5327,-5.164,22.5327,-5.164,534.0,184.0,3.0,132.5639,400.0,9.0,400.0,9.0,3.0,3.0,7.0,16.0,33.0,72.0,184.0,144.0,48.0,16.0,5.0,3.0,-7.012,-3.86,2.756,11.308,17.224,21.532,23.648,22.428,17.316,10.808,2.068,-4.636,0.0,0.0,0.0,39.24,223.944,345.96,423.088,385.268,219.48,25.048,0.0,0.0,1636.98,1662.028,434.4197,16.1011,278.5764,17.6,47.1,35.3,324.0,1.27,19.2,7.2,32.4,,7.061935233685949,0.1152331919396063,SpatialPred,6.396310161246946,BayesianBlend,80,,0
117.1875,40.3125,27.212,-13.956,185.0,8.3877,11.5247,27.9942,1121.3804,27.212,-13.956,41.168,21.4727,-6.1787,21.4727,-6.1787,552.0,185.0,3.0,129.4618,408.0,10.0,408.0,10.0,3.0,4.0,8.0,17.0,36.0,76.0,185.0,147.0,50.0,17.0,6.0,3.0,-7.944,-4.984,1.568,10.072,16.06,20.448,22.612,21.368,16.252,9.776,1.028,-5.612,0.0,0.0,0.0,2.1599999999999966,187.86,313.44,390.972,352.408,187.56,0.0,0.0,0.0,1434.4,1434.4,668.7756,22.4317,263.9371,17.8,45.2,37.0,376.0,1.26,19.7,7.1,37.6,,7.013296987414759,0.1152331919396063,SpatialPred,6.478538911927967,BayesianBlend,81,,0
117.2292,40.3125,26.908,-14.216,185.0,8.0743,11.3553,27.6124,1125.3997,26.908,-14.216,41.124,21.21,-6.5407,21.21,-6.5407,556.0,185.0,3.0,128.8885,410.0,10.0,410.0,10.0,3.0,4.0,8.0,18.0,36.0,77.0,185.0,148.0,51.0,17.0,6.0,3.0,-8.268,-5.404,1.168,9.736,15.716,20.156,22.352,21.136,15.996,9.504,0.7479999999999998,-5.936,0.0,0.0,0.0,0.0,177.196,304.68,382.912,345.216,179.88,0.0,0.0,0.0,1389.884,1389.884,700.8099,20.6896,121.828,18.2,42.2,39.5,452.0,1.22,19.5,6.9,45.2,,6.998095664725231,0.1152331919396063,SpatialPred,6.67082632951344,BayesianBlend,82,,0
117.2708,40.3125,26.736,-14.364,185.0,7.9115,11.4583,27.8792,1121.2455,26.736,-14.364,41.1,21.0227,-6.6347,21.0227,-6.6347,562.0,185.0,3.0,127.7295,412.0,10.0,412.0,10.0,3.0,4.0,9.0,18.0,37.0,78.0,185.0,149.0,52.0,18.0,6.0,3.0,-8.344,-5.504,1.012,9.528,15.52,19.98,22.148,20.936,15.796,9.304,0.6160000000000001,-6.072,0.0,0.0,0.0,0.0,171.12,299.4,376.588,339.016,173.88,0.0,0.0,0.0,1360.004,1360.004,748.8714,24.2326,193.886,17.6,42.6,39.8,475.0,1.22,18.6,6.9,47.5,,6.981415233467829,0.1152331919396063,SpatialPred,6.31042118513175,BayesianBlend,83,,0
117.3125,40.3125,27.66,-13.584,185.0,8.9283,11.5913,28.1043,1124.5634,27.66,-13.584,41.244,22.02,-5.7213,22.02,-5.7213,548.0,185.0,3.0,130.6403,407.0,10.0,407.0,10.0,3.0,4.0,8.0,16.0,35.0,74.0,185.0,148.0,49.0,17.0,6.0,3.0,-7.512,-4.48,2.148,10.732,16.604,20.98,23.112,21.972,16.82,10.316,1.604,-5.172,0.0,0.0,0.0,21.96,204.724,329.4,406.472,371.132,204.6,9.796,0.0,0.0,1538.288,1548.084,508.0185,18.0674,128.7364,16.7,43.4,39.9,483.0,1.23,18.4,6.9,48.3,,7.025471773018512,0.1152331919396063,SpatialPred,6.2770715731128455,BayesianBlend,84,,0
117.3542,40.3125,27.1,-14.112,184.0,8.3557,11.6313,28.2232,1120.8242,27.1,-14.112,41.212,21.4233,-6.226,21.4233,-6.226,555.0,184.0,3.0,128.9068,409.0,10.0,409.0,10.0,3.0,4.0,8.0,18.0,36.0,76.0,184.0,149.0,51.0,17.0,6.0,3.0,-7.992,-5.016,1.556,10.084,15.996,20.356,22.544,21.372,16.212,9.764,1.068,-5.672,0.0,0.0,0.0,2.519999999999996,185.876,310.68,388.864,352.532,186.36,0.0,0.0,0.0,1426.832,1426.832,635.1361,20.2381,198.2457,16.0,43.0,41.0,494.0,1.22,19.2,6.9,49.4,,7.006948726570503,0.1152331919396063,SpatialPred,6.323810613546657,BayesianBlend,85,,0
117.3958,40.3125,27.612,-13.744,184.0,8.8558,11.7123,28.3208,1123.6605,27.612,-13.744,41.356,21.9333,-5.788,21.9333,-5.788,549.0,184.0,3.0,129.8826,406.0,10.0,406.0,10.0,3.0,4.0,8.0,17.0,35.0,74.0,184.0,148.0,50.0,17.0,6.0,3.0,-7.6,-4.528,2.0920000000000005,10.68,16.528,20.848,23.036,21.92,16.72,10.256,1.58,-5.236,0.0,0.0,0.0,20.40000000000001,202.368,325.44,404.116,369.52,201.6,7.936,0.0,0.0,1523.444,1531.3799,516.0388,18.8975,141.2264,16.2,43.7,40.1,500.0,1.21,19.6,6.8,50.0,,7.0191383269730725,0.1152331919396063,SpatialPred,6.5798194659124105,BayesianBlend,86,,0
117.4375,40.3125,27.788,-13.696,183.0,8.9998,11.7377,28.2944,1127.5599,27.788,-13.696,41.484,22.1127,-5.7047,22.1127,-5.7047,545.0,183.0,3.0,129.9361,403.0,10.0,403.0,10.0,3.0,4.0,8.0,17.0,35.0,73.0,183.0,147.0,49.0,17.0,6.0,3.0,-7.548,-4.428,2.236,10.82,16.708,21.032,23.216,22.104,16.9,10.412,1.72,-5.148,0.0,0.0,0.0,24.6,207.948,330.96,409.696,375.224,207.0,12.771999999999998,0.0,0.0,1555.428,1568.2,468.7937,19.0567,277.475,16.6,46.2,37.2,497.0,1.22,19.2,6.9,49.7,,7.01411052304631,0.1152331919396063,SpatialPred,6.473848828294304,BayesianBlend,87,,0
117.4792,40.3125,27.292,-14.188,184.0,8.4963,11.7253,28.2674,1125.6936,27.292,-14.188,41.48,21.604,-6.1693,21.604,-6.1693,554.0,184.0,3.0,128.9373,408.0,10.0,408.0,10.0,3.0,4.0,8.0,18.0,36.0,75.0,184.0,149.0,50.0,18.0,6.0,3.0,-7.976,-4.924,1.68,10.232,16.164,20.5,22.724,21.592,16.4,9.924,1.24,-5.596,0.0,0.0,0.0,6.959999999999994,191.084,315.0,394.444,359.352,192.0,0.0,0.0,0.0,1458.84,1458.84,577.5291,18.3017,181.3305,16.4,47.4,36.2,517.0,1.22,18.7,6.9,51.7,,6.981962448052021,0.1152331919396063,SpatialPred,6.30861029946854,BayesianBlend,88,,0
117.5208,40.3125,26.236,-15.068,185.0,7.3992,11.5557,27.9771,1124.0483,26.236,-15.068,41.304,20.5367,-7.1947,20.5367,-7.1947,571.0,185.0,3.0,126.0411,415.0,10.0,415.0,10.0,3.0,4.0,9.0,20.0,39.0,79.0,185.0,151.0,52.0,19.0,7.0,3.0,-8.932,-6.048,0.4520000000000004,8.968,15.024,19.416,21.672,20.516,15.324,8.864,0.1640000000000001,-6.6240000000000006,0.0,0.0,0.0,0.0,155.744,282.48,361.832,325.996,159.72,0.0,0.0,0.0,1285.7721,1285.7721,557.4519,18.1121,257.3983,15.4,45.2,39.4,550.0,1.19,19.3,6.7,55.0,,6.92283825021951,0.1152331919396063,SpatialPred,6.469124456399352,BayesianBlend,89,,0
116.8125,40.2708,30.08,-11.42,186.0,11.3185,12.083,29.1157,1124.2325,30.08,-11.42,41.5,24.362,-3.326,24.362,-3.326,517.0,186.0,3.0,135.584,392.0,10.0,392.0,10.0,4.0,3.0,6.0,13.0,30.0,69.0,186.0,137.0,45.0,16.0,5.0,3.0,-5.248,-1.824,4.864,13.412,19.188,23.58,25.396,24.096,19.124,12.464,3.668,-2.92,0.0,0.0,0.0,102.36,284.828,407.4,477.276,436.976,273.72,76.384,0.0,0.0,1982.56,2058.944,85.34050000000002,3.8589,218.0874,17.9,45.0,37.1,349.0,1.27,16.7,7.1,34.9,6.998217105865479,7.146967807342316,0.03,Xiao2024,6.998217105865479,Xiao2024,90,,0
116.8542,40.2708,29.332,-11.752,186.0,10.7073,11.874,28.9018,1115.5969,29.332,-11.752,41.084,23.6673,-3.814,23.6673,-3.814,522.0,186.0,3.0,134.598,394.0,9.0,394.0,9.0,3.0,3.0,7.0,14.0,31.0,70.0,186.0,138.0,46.0,16.0,5.0,3.0,-5.668,-2.428,4.16,12.692,18.476,22.848,24.708,23.456,18.472,11.92,3.212,-3.352,0.0,0.0,0.0,80.76,262.756,385.44,455.948,417.136,254.16,59.52,0.0,0.0,1856.2,1915.72,216.4476,12.76,213.2912,18.1,44.9,37.0,387.0,1.25,17.6,7.0,38.7,,7.117112886505118,0.1152331919396063,SpatialPred,6.475027928800095,BayesianBlend,91,,0
116.8958,40.2708,29.232,-12.044,187.0,10.5817,11.946,28.9418,1120.1403,29.232,-12.044,41.276,23.5713,-4.018,23.5713,-4.018,522.0,187.0,3.0,135.4209,395.0,9.0,395.0,9.0,3.0,3.0,7.0,13.0,31.0,69.0,187.0,139.0,46.0,16.0,5.0,3.0,-5.9,-2.624,4.02,12.644,18.428,22.736,24.604,23.368,18.344,11.816,3.08,-3.52,0.0,0.0,0.0,79.32,261.268,382.08,452.724,414.408,250.32,56.296,0.0,0.0,1840.12,1896.416,230.583,11.5834,85.0023,18.4,45.8,35.7,323.0,1.26,18.9,7.3,32.3,,7.120754477697447,0.1152331919396063,SpatialPred,6.630896028016876,BayesianBlend,92,,0
116.9375,40.2708,29.316,-12.072,188.0,10.6253,11.9493,28.8715,1123.6359,29.316,-12.072,41.388,23.644,-4.0307,23.644,-4.0307,524.0,188.0,3.0,135.8541,398.0,9.0,398.0,9.0,3.0,3.0,7.0,13.0,30.0,70.0,188.0,140.0,46.0,16.0,5.0,3.0,-5.952,-2.624,4.064,12.708,18.504,22.784,24.668,23.456,18.408,11.856,3.108,-3.528,0.0,0.0,0.0,81.24,263.624,383.52,454.708,417.136,252.24,57.536,0.0,0.0,1852.468,1910.004,208.5977,11.2184,339.7972,18.5,46.3,35.2,294.0,1.27,18.9,7.3,29.4,,7.12411403448293,0.1152331919396063,SpatialPred,6.336351914333873,BayesianBlend,93,,0
116.9792,40.2708,29.376,-11.928,188.0,10.7262,11.841,28.6679,1122.8962,29.376,-11.928,41.304,23.7413,-3.9227,23.7413,-3.9227,521.0,188.0,3.0,136.5719,396.0,9.0,396.0,9.0,3.0,3.0,6.0,13.0,30.0,68.0,188.0,140.0,46.0,16.0,5.0,3.0,-5.832,-2.512,4.156,12.796,18.568,22.836,24.776,23.604,18.524,11.968,3.24,-3.42,0.0,0.0,0.0,83.88,265.608,385.08,458.056,421.724,255.72,61.008,0.0,0.0,1870.068,1931.076,175.5958,11.7663,96.7411,18.5,45.7,35.8,347.0,1.26,18.8,7.1,34.7,,7.123834892778391,0.1152331919396063,SpatialPred,6.402551190997522,BayesianBlend,94,,0
117.0208,40.2708,29.38,-11.928,187.0,10.7438,11.887,28.7765,1119.3995,29.38,-11.928,41.308,23.7267,-3.8567,23.7267,-3.8567,519.0,187.0,3.0,136.2699,394.0,9.0,394.0,9.0,3.0,3.0,6.0,13.0,30.0,68.0,187.0,139.0,46.0,16.0,5.0,3.0,-5.756,-2.424,4.208,12.8,18.528,22.772,24.784,23.636,18.516,11.98,3.28,-3.368,0.0,0.0,0.0,84.0,264.368,383.16,458.304,422.716,255.48,61.38,0.0,0.0,1868.028,1929.408,165.7368,8.1226,166.972,18.8,46.2,34.9,389.0,1.26,18.7,7.0,38.9,,7.1200539828353415,0.1152331919396063,SpatialPred,6.3895866934939,BayesianBlend,95,,0
117.0625,40.2708,29.444,-11.932,187.0,10.82,11.8973,28.7542,1120.8229,29.444,-11.932,41.376,23.8113,-3.8147,23.8113,-3.8147,519.0,187.0,3.0,136.0858,393.0,9.0,393.0,9.0,3.0,3.0,6.0,14.0,30.0,67.0,187.0,139.0,46.0,16.0,5.0,3.0,-5.74,-2.34,4.324,12.904,18.616,22.84,24.86,23.728,18.616,12.044,3.348,-3.332,0.0,0.0,0.0,87.12,267.096,385.2,460.66,425.568,258.48,63.364,0.0,0.0,1884.124,1947.488,144.796,5.3527,242.9287,18.7,47.2,34.1,365.0,1.26,19.1,7.1,36.5,,7.115163104318955,0.1152331919396063,SpatialPred,6.197810215222374,BayesianBlend,96,,0
117.1042,40.2708,28.912,-12.292,187.0,10.3048,11.781,28.5919,1118.7726,28.912,-12.292,41.204,23.2887,-4.29,23.2887,-4.29,526.0,187.0,3.0,135.2872,398.0,9.0,398.0,9.0,3.0,3.0,7.0,14.0,31.0,69.0,187.0,142.0,46.0,16.0,5.0,3.0,-6.184,-2.908,3.74,12.268,18.052,22.316,24.344,23.204,18.092,11.58,2.892,-3.796,0.0,0.0,0.0,68.04,249.612,369.48,444.664,409.324,242.76,48.98,0.0,0.0,1783.88,1832.86,276.0268,14.2599,257.9113,18.6,46.1,35.3,388.0,1.26,19.4,7.1,38.8,,7.106318562810988,0.1152331919396063,SpatialPred,6.5058592999777805,BayesianBlend,97,,0
117.1458,40.2708,28.336,-12.696,187.0,9.7357,11.5813,28.2251,1117.9141,28.336,-12.696,41.032,22.7273,-4.8333,22.7273,-4.8333,534.0,187.0,3.0,133.8988,402.0,9.0,402.0,9.0,3.0,3.0,7.0,16.0,32.0,71.0,187.0,144.0,47.0,16.0,5.0,3.0,-6.692,-3.528,3.088,11.596,17.436,21.724,23.808,22.668,17.564,11.088,2.396,-4.292,0.0,0.0,0.0,47.88,230.516,351.72,428.048,392.708,226.92,33.728,0.0,0.0,1677.792,1711.52,384.4227,15.4189,268.441,19.2,44.0,36.7,494.0,1.24,19.3,6.9,49.4,,7.082919219282153,0.1152331919396063,SpatialPred,6.49005854583869,BayesianBlend,98,,0
117.1875,40.2708,27.72,-13.184,187.0,9.0868,11.4483,27.9883,1115.9247,27.72,-13.184,40.904,22.088,-5.4267,22.088,-5.4267,547.0,187.0,3.0,131.159,407.0,10.0,407.0,10.0,3.0,4.0,8.0,16.0,34.0,74.0,187.0,146.0,49.0,17.0,6.0,3.0,-7.224,-4.22,2.32,10.816,16.708,21.044,23.18,22.048,16.944,10.48,1.804,-4.856,0.0,0.0,0.0,24.480000000000004,207.948,331.32,408.58,373.488,208.32,14.880000000000004,0.0,0.0,1554.1361,1569.016,523.7817,18.5434,213.8061,19.6,42.3,38.0,555.0,1.22,19.2,6.8,55.5,,7.039737400268902,0.1152331919396063,SpatialPred,6.427027602026984,BayesianBlend,99,,0
117.2292,40.2708,27.704,-13.192,187.0,9.062,11.3693,27.8006,1118.6947,27.704,-13.192,40.896,22.094,-5.492,22.094,-5.492,548.0,187.0,3.0,131.246,408.0,10.0,408.0,10.0,3.0,4.0,8.0,16.0,34.0,74.0,187.0,147.0,49.0,17.0,6.0,3.0,-7.268,-4.324,2.236,10.776,16.668,21.024,23.188,22.064,16.968,10.488,1.8,-4.884,0.0,0.0,0.0,23.28,206.708,330.72,408.828,373.984,209.04,15.128,0.0,0.0,1552.5601,1567.6881,502.6463,20.6975,133.3622,18.7,41.8,39.4,514.0,1.21,18.9,6.9,51.4,,7.037330800380244,0.1152331919396063,SpatialPred,6.383584526889603,BayesianBlend,100,,0
117.2708,40.2708,27.504,-13.492,187.0,8.8187,11.5153,28.0889,1116.4423,27.504,-13.492,40.996,21.844,-5.6927,21.844,-5.6927,556.0,187.0,3.0,130.0106,412.0,10.0,412.0,10.0,3.0,4.0,8.0,17.0,35.0,76.0,187.0,149.0,50.0,18.0,6.0,3.0,-7.436,-4.512,2.0120000000000005,10.492,16.412,20.804,22.936,21.796,16.688,10.212,1.572,-5.116,0.0,0.0,0.0,14.759999999999998,198.772,324.12,401.016,365.676,200.64,6.572000000000003,0.0,0.0,1504.984,1511.556,566.8205,20.0583,234.6817,17.7,41.6,40.7,488.0,1.21,18.6,6.9,48.8,,7.021563187257213,0.1152331919396063,SpatialPred,6.167977095145033,BayesianBlend,101,,0
117.3125,40.2708,28.132,-12.964,187.0,9.5135,11.5903,28.2031,1119.6958,28.132,-12.964,41.096,22.5353,-5.08,22.5353,-5.08,545.0,187.0,3.0,132.1195,407.0,9.0,407.0,9.0,3.0,3.0,7.0,16.0,34.0,73.0,187.0,147.0,49.0,17.0,6.0,3.0,-6.884,-3.824,2.776,11.3,17.16,21.484,23.616,22.516,17.4,10.888,2.244,-4.532,0.0,0.0,0.0,39.0,221.96,344.52,422.096,387.996,222.0,27.528,0.0,0.0,1637.572,1665.1,408.1486,16.4663,129.2004,16.8,43.1,40.1,428.0,1.24,19.3,7.0,42.8,,7.047226824979096,0.1152331919396063,SpatialPred,6.354684875683364,BayesianBlend,102,,0
117.3542,40.2708,27.504,-13.512,186.0,8.8835,11.567,28.2012,1117.1729,27.504,-13.512,41.016,21.8933,-5.6633,21.8933,-5.6633,554.0,186.0,3.0,129.5822,409.0,10.0,409.0,10.0,3.0,4.0,8.0,17.0,36.0,75.0,186.0,148.0,50.0,18.0,6.0,3.0,-7.436,-4.456,2.112,10.62,16.48,20.82,22.98,21.888,16.752,10.304,1.644,-5.096,0.0,0.0,0.0,18.6,200.88,324.6,402.38,368.528,202.56,9.424,0.0,0.0,1517.548,1526.972,529.3122,18.4903,235.4405,16.2,46.7,37.1,400.0,1.26,19.9,7.1,40.0,,7.007306726585008,0.1152331919396063,SpatialPred,6.352127607579117,BayesianBlend,103,,0
117.3958,40.2708,27.2,-13.92,185.0,8.5242,11.6357,28.2969,1117.4526,27.2,-13.92,41.12,21.5527,-6.0213,21.5527,-6.0213,557.0,185.0,3.0,128.7974,410.0,10.0,410.0,10.0,3.0,4.0,8.0,18.0,36.0,76.0,185.0,149.0,51.0,18.0,6.0,3.0,-7.796,-4.816,1.744,10.236,16.12,20.456,22.656,21.54,16.36,9.924,1.288,-5.456,0.0,0.0,0.0,7.079999999999998,189.72,313.68,392.336,357.74,190.8,0.0,0.0,0.0,1451.3561,1451.3561,615.2847,18.4554,50.54419999999999,15.9,48.2,36.0,435.0,1.24,19.6,7.0,43.5,,6.983401375570061,0.1152331919396063,SpatialPred,6.260930669774713,BayesianBlend,104,,0
117.4375,40.2708,28.0,-13.412,186.0,9.284,11.7567,28.3895,1126.0802,28.0,-13.412,41.412,22.376,-5.41,22.376,-5.41,549.0,186.0,3.0,130.6712,407.0,10.0,407.0,10.0,3.0,4.0,8.0,17.0,35.0,73.0,186.0,148.0,49.0,17.0,6.0,3.0,-7.256,-4.136,2.56,11.116,16.98,21.28,23.468,22.392,17.192,10.668,2.0,-4.848,0.0,0.0,0.0,33.48,216.38,338.4,417.508,384.152,215.76,20.708,0.0,0.0,1605.68,1626.388,419.1063,17.9039,113.021,15.9,47.5,36.5,457.0,1.23,19.8,6.9,45.7,,7.018718080073166,0.1152331919396063,SpatialPred,6.388939814979808,BayesianBlend,105,,0
117.4792,40.2708,27.96,-13.64,185.0,9.2253,11.8467,28.4776,1129.1898,27.96,-13.64,41.6,22.3407,-5.52,22.3407,-5.52,549.0,185.0,3.0,130.5534,407.0,10.0,407.0,10.0,3.0,4.0,8.0,17.0,35.0,73.0,185.0,149.0,49.0,17.0,6.0,3.0,-7.372,-4.2,2.492,11.072,16.952,21.26,23.424,22.364,17.152,10.62,1.94,-4.968,0.0,0.0,0.0,32.16,215.512,337.8,416.144,383.284,214.56,19.22,0.0,0.0,1599.46,1618.68,419.5739,15.2551,280.0312,15.5,44.4,40.0,464.0,1.22,19.8,6.8,46.4,,7.027770529714321,0.1152331919396063,SpatialPred,6.492784595533033,BayesianBlend,106,,0
117.5208,40.2708,27.484,-14.092,186.0,8.7315,11.7763,28.3248,1129.6954,27.484,-14.092,41.576,21.8673,-6.0067,21.8673,-6.0067,558.0,186.0,3.0,129.5487,412.0,10.0,412.0,10.0,3.0,4.0,8.0,18.0,36.0,75.0,186.0,151.0,50.0,18.0,6.0,3.0,-7.836,-4.732,1.94,10.504,16.456,20.772,22.96,21.876,16.68,10.156,1.4520000000000002,-5.452,0.0,0.0,0.0,15.119999999999996,200.136,323.16,401.76,368.156,200.4,4.835999999999999,0.0,0.0,1508.7319,1513.5679,499.0481,13.8744,180.7456,14.6,43.2,42.3,517.0,1.2,19.7,6.7,51.7,,7.0014850510549484,0.1152331919396063,SpatialPred,6.744533771060612,BayesianBlend,107,,0
116.8125,40.2292,30.288,-11.604,190.0,11.406,12.2693,29.288,1124.495,30.288,-11.604,41.892,24.474,-3.2347,24.474,-3.2347,522.0,190.0,3.0,136.3769,396.0,11.0,396.0,11.0,4.0,3.0,6.0,13.0,30.0,68.0,190.0,138.0,45.0,16.0,5.0,4.0,-5.208,-1.668,5.008,13.492,19.204,23.688,25.572,24.2,19.2,12.528,3.688,-2.836,0.0,0.0,0.0,104.76,285.324,410.64,482.732,440.2,276.0,78.368,0.0,0.0,1999.6561,2078.0241,52.40410000000003,0.9380000000000006,123.665,17.2,45.9,36.8,226.0,1.31,17.8,7.6,22.6,7.239330768585205,7.178550159639352,0.03,Xiao2024,7.239330768585205,Xiao2024,108,,0
116.8542,40.2292,30.136,-11.3,189.0,11.4118,12.0537,29.0898,1118.9941,30.136,-11.3,41.436,24.4153,-3.152,24.4153,-3.152,518.0,189.0,3.0,136.6898,394.0,11.0,394.0,11.0,4.0,3.0,6.0,12.0,30.0,68.0,189.0,137.0,44.0,16.0,5.0,4.0,-5.064,-1.652,4.976,13.464,19.172,23.6,25.468,24.184,19.176,12.572,3.772,-2.728,0.0,0.0,0.0,103.92,284.332,408.0,479.508,439.704,275.28,79.732,0.0,0.0,1990.7441,2070.4761,57.64779999999999,1.9975000000000005,221.4875,17.9,45.5,36.6,301.0,1.29,18.1,7.3,30.1,6.854864597320557,7.180668616387461,0.03,Xiao2024,6.854864597320557,Xiao2024,109,,0
116.8958,40.2292,29.532,-11.58,189.0,10.9628,11.9743,29.1261,1113.4851,29.532,-11.58,41.112,23.8833,-3.538,23.8833,-3.538,522.0,189.0,3.0,136.2658,396.0,10.0,396.0,10.0,4.0,3.0,7.0,13.0,31.0,68.0,189.0,139.0,45.0,15.0,5.0,3.0,-5.42,-2.144,4.464,12.972,18.732,23.064,24.9,23.7,18.708,12.172,3.468,-3.048,0.0,0.0,0.0,89.16,270.692,391.92,461.9,424.7,261.24,67.332,0.0,0.0,1899.612,1966.944,162.63510000000002,9.5237,207.7399,18.9,44.0,37.1,351.0,1.28,19.2,7.1,35.1,,7.164284693805178,0.1152331919396063,SpatialPred,6.508087805148577,BayesianBlend,110,,0
116.9375,40.2292,29.284,-11.8,190.0,10.717,11.9073,28.9829,1114.0333,29.284,-11.8,41.084,23.6433,-3.798,23.6433,-3.798,525.0,190.0,3.0,136.3183,398.0,10.0,398.0,10.0,4.0,3.0,7.0,13.0,31.0,68.0,190.0,140.0,46.0,15.0,5.0,3.0,-5.688,-2.424,4.168,12.704,18.484,22.748,24.66,23.492,18.48,11.948,3.28,-3.292,0.0,0.0,0.0,81.12,263.004,382.44,454.46,418.252,254.4,60.388,0.0,0.0,1853.676,1914.064,209.5252,10.127,198.7997,18.6,44.4,36.9,321.0,1.28,19.7,7.1,32.1,,7.156165040638243,0.1152331919396063,SpatialPred,6.51945652592752,BayesianBlend,111,,0
116.9792,40.2292,29.34,-11.856,190.0,10.7363,11.8547,28.7763,1117.1008,29.34,-11.856,41.196,23.7013,-3.824,23.7013,-3.824,526.0,190.0,3.0,135.9708,398.0,10.0,398.0,10.0,4.0,3.0,7.0,13.0,31.0,68.0,190.0,140.0,46.0,16.0,5.0,3.0,-5.728,-2.432,4.2,12.752,18.512,22.76,24.756,23.592,18.512,11.964,3.292,-3.312,0.0,0.0,0.0,82.56,263.872,382.8,457.436,421.352,255.36,60.884,0.0,0.0,1863.3801,1924.264,191.6255,11.0772,104.7422,17.9,45.4,36.6,272.0,1.29,19.4,7.2,27.2,,7.140317666239807,0.1152331919396063,SpatialPred,6.454157136146341,BayesianBlend,112,,0
117.0208,40.2292,29.768,-11.676,189.0,11.1413,11.972,28.8872,1121.506,29.768,-11.676,41.444,24.1427,-3.4927,24.1427,-3.4927,519.0,189.0,3.0,136.9496,394.0,10.0,394.0,10.0,4.0,3.0,6.0,13.0,30.0,66.0,189.0,139.0,45.0,16.0,5.0,3.0,-5.444,-2.016,4.668,13.264,18.948,23.164,25.184,24.068,18.92,12.312,3.624,-3.008,0.0,0.0,0.0,97.92,277.388,394.92,470.704,436.108,267.6,71.672,0.0,0.0,1944.64,2016.312,74.5256,3.4692,175.0062,17.1,46.9,36.0,201.0,1.31,19.6,7.5,20.1,,7.152164627242522,0.1152331919396063,SpatialPred,6.1323378935959685,BayesianBlend,113,,0
117.0625,40.2292,29.476,-11.768,188.0,10.9142,11.867,28.7727,1117.6938,29.476,-11.768,41.244,23.8767,-3.67,23.8767,-3.67,520.0,188.0,3.0,136.7065,395.0,10.0,395.0,10.0,4.0,3.0,6.0,13.0,30.0,67.0,188.0,140.0,46.0,15.0,5.0,3.0,-5.6,-2.236,4.428,12.98,18.696,22.916,24.916,23.8,18.664,12.128,3.464,-3.2,0.0,0.0,0.0,89.4,269.576,387.48,462.396,427.8,259.92,65.968,0.0,0.0,1896.5719,1962.54,139.6051,8.5352,235.9415,17.5,47.9,34.7,216.0,1.3,19.2,7.4,21.6,,7.147175392964434,0.1152331919396063,SpatialPred,6.465457601874081,BayesianBlend,114,,0
117.1042,40.2292,28.952,-12.0,189.0,10.46,11.704,28.5798,1113.5997,28.952,-12.0,40.952,23.3867,-4.064,23.3867,-4.064,530.0,189.0,3.0,135.5735,401.0,9.0,401.0,9.0,3.0,3.0,7.0,14.0,31.0,69.0,189.0,143.0,47.0,16.0,5.0,3.0,-5.936,-2.7,3.924,12.392,18.16,22.428,24.432,23.308,18.228,11.76,3.088,-3.56,0.0,0.0,0.0,71.76,252.96,372.84,447.392,412.548,246.84,54.56,0.0,0.0,1804.34,1858.9,260.0592,14.5556,211.1849,18.2,47.8,34.1,310.0,1.28,18.1,7.2,31.0,,7.10240778814098,0.1152331919396063,SpatialPred,6.462474695401836,BayesianBlend,115,,0
117.1458,40.2292,28.708,-12.088,190.0,10.2455,11.543,28.2944,1112.6576,28.708,-12.088,40.796,23.1733,-4.2587,23.1733,-4.2587,534.0,190.0,3.0,135.2367,403.0,9.0,403.0,9.0,3.0,3.0,7.0,15.0,32.0,69.0,190.0,144.0,47.0,16.0,5.0,3.0,-6.1,-2.96,3.64,12.1,17.896,22.176,24.22,23.132,18.06,11.584,2.928,-3.72,0.0,0.0,0.0,63.0,244.776,365.28,440.82,407.092,241.8,49.104,0.0,0.0,1762.768,1811.872,300.3106,16.9905,163.3858,18.2,46.9,35.0,415.0,1.25,17.3,7.0,41.5,,7.08880596841836,0.1152331919396063,SpatialPred,6.882531624273658,BayesianBlend,116,,0
117.1875,40.2292,28.776,-12.012,189.0,10.2953,11.4493,28.0703,1114.328,28.776,-12.012,40.788,23.248,-4.2273,23.248,-4.2273,534.0,189.0,3.0,134.8465,403.0,9.0,403.0,9.0,3.0,3.0,7.0,15.0,32.0,70.0,189.0,144.0,47.0,16.0,5.0,3.0,-6.068,-2.94,3.624,12.112,17.912,22.216,24.292,23.236,18.152,11.648,3.016,-3.664,0.0,0.0,0.0,63.36,245.272,366.48,443.052,410.316,244.56,51.088,0.0,0.0,1773.04,1824.128,269.0496,16.2002,194.4662,17.7,45.5,36.9,439.0,1.25,18.0,7.1,43.9,,7.090288029158292,0.1152331919396063,SpatialPred,6.412767583474271,BayesianBlend,117,,0
117.2292,40.2292,28.76,-12.228,189.0,10.2147,11.5767,28.244,1116.0026,28.76,-12.228,40.988,23.186,-4.3327,23.186,-4.3327,535.0,189.0,3.0,134.9245,404.0,9.0,404.0,9.0,3.0,3.0,7.0,15.0,32.0,70.0,189.0,145.0,47.0,16.0,5.0,3.0,-6.176,-3.048,3.532,12.032,17.86,22.148,24.248,23.164,18.076,11.564,2.932,-3.776,0.0,0.0,0.0,60.96,243.66,364.44,441.688,408.084,242.28,48.484,0.0,0.0,1761.112,1809.596,287.2764,14.4922,159.6229,17.5,44.0,38.5,406.0,1.25,18.9,7.3,40.6,,7.099907685049804,0.1152331919396063,SpatialPred,6.504193155392139,BayesianBlend,118,,0
117.2708,40.2292,28.992,-12.276,188.0,10.3925,11.7603,28.4975,1120.83,28.992,-12.276,41.268,23.3993,-4.2353,23.3993,-4.2353,534.0,188.0,3.0,134.7031,403.0,9.0,403.0,9.0,3.0,3.0,7.0,15.0,32.0,70.0,188.0,145.0,47.0,16.0,5.0,3.0,-6.112,-2.896,3.74,12.26,18.088,22.376,24.464,23.376,18.28,11.76,3.08,-3.68,0.0,0.0,0.0,67.8,250.728,371.28,448.384,414.656,248.4,54.56,0.0,0.0,1801.248,1855.808,233.1138,9.7179,200.357,17.2,42.5,40.4,408.0,1.25,19.2,7.2,40.8,,7.106946080974356,0.1152331919396063,SpatialPred,6.447518133860177,BayesianBlend,119,,0
117.3125,40.2292,28.968,-12.324,188.0,10.3633,11.774,28.514,1121.5914,28.968,-12.324,41.292,23.38,-4.2807,23.38,-4.2807,535.0,188.0,3.0,134.785,404.0,9.0,404.0,9.0,3.0,3.0,7.0,15.0,32.0,70.0,188.0,146.0,47.0,16.0,5.0,3.0,-6.176,-2.932,3.708,12.228,18.048,22.336,24.436,23.368,18.268,11.728,3.076,-3.728,0.0,0.0,0.0,66.84,249.488,370.08,447.516,414.408,248.04,53.568,0.0,0.0,1796.372,1849.94,234.2049,10.2192,176.1205,16.8,42.4,40.8,443.0,1.23,18.7,7.0,44.3,,7.101471540220023,0.1152331919396063,SpatialPred,6.244421656172566,BayesianBlend,120,,0
117.3542,40.2292,28.544,-12.556,188.0,9.9727,11.6493,28.3439,1118.0066,28.544,-12.556,41.1,22.962,-4.616,22.962,-4.616,543.0,188.0,3.0,132.9913,407.0,9.0,407.0,9.0,3.0,3.0,7.0,16.0,33.0,72.0,188.0,147.0,48.0,17.0,6.0,3.0,-6.468,-3.328,3.268,11.764,17.588,21.876,24.02,22.98,17.888,11.376,2.744,-4.052,0.0,0.0,0.0,52.92,235.228,356.28,434.62,402.38,236.64,42.656,0.0,0.0,1718.068,1760.724,305.8985,13.146,234.0362,16.3,45.8,38.0,484.0,1.23,18.5,6.9,48.4,,7.048292315700302,0.1152331919396063,SpatialPred,6.632049519986937,BayesianBlend,121,,0
117.3958,40.2292,27.804,-13.236,189.0,9.2297,11.6753,28.4487,1113.9274,27.804,-13.236,41.04,22.2073,-5.2813,22.2073,-5.2813,556.0,189.0,3.0,131.1232,413.0,10.0,413.0,10.0,3.0,4.0,8.0,17.0,35.0,74.0,189.0,150.0,50.0,17.0,6.0,3.0,-7.076,-4.052,2.492,10.92,16.78,21.1,23.288,22.22,17.096,10.62,2.044,-4.712,0.0,0.0,0.0,27.6,210.18,333.0,411.928,378.82,212.88,19.22,0.0,0.0,1574.408,1593.628,477.3033,14.8289,193.4014,15.6,49.6,34.8,479.0,1.25,18.5,7.0,47.9,,7.012846665465243,0.1152331919396063,SpatialPred,6.5482865930751855,BayesianBlend,122,,0
117.4375,40.2292,28.296,-12.972,188.0,9.6682,11.7043,28.3618,1122.7203,28.296,-12.972,41.268,22.7213,-4.984,22.7213,-4.984,548.0,188.0,3.0,132.3324,409.0,9.0,409.0,9.0,3.0,3.0,7.0,17.0,34.0,72.0,188.0,149.0,49.0,17.0,6.0,3.0,-6.828,-3.704,2.94,11.456,17.304,21.616,23.788,22.772,17.592,11.072,2.444,-4.404,0.0,0.0,0.0,43.67999999999999,226.424,348.48,427.428,395.932,227.76,33.232,0.0,0.0,1669.704,1702.936,351.6078,13.2502,183.7925,14.9,53.3,31.8,391.0,1.27,17.7,7.1,39.1,,7.0054781253463805,0.1152331919396063,SpatialPred,6.552192061627915,BayesianBlend,123,,0
117.4792,40.2292,27.292,-13.948,188.0,8.5898,11.6457,28.2388,1121.3778,27.292,-13.948,41.24,21.668,-6.0053,21.668,-6.0053,563.0,188.0,3.0,129.6617,416.0,10.0,416.0,10.0,3.0,4.0,8.0,18.0,37.0,76.0,188.0,152.0,50.0,18.0,6.0,3.0,-7.8,-4.792,1.784,10.26,16.196,20.568,22.768,21.68,16.504,10.008,1.36,-5.428,0.0,0.0,0.0,7.79999999999999,192.076,317.04,395.808,362.08,195.12,0.2479999999999975,0.0,0.0,1469.9241,1470.1721,592.5605,19.6031,268.6335,15.1,53.8,31.1,329.0,1.29,17.2,7.2,32.9,,6.968414873312471,0.1152331919396063,SpatialPred,6.235816859877368,BayesianBlend,124,,0
117.5208,40.2292,27.012,-14.18,188.0,8.31,11.5147,27.9536,1123.1925,27.012,-14.18,41.192,21.408,-6.312,21.408,-6.312,567.0,188.0,3.0,128.8922,417.0,10.0,417.0,10.0,3.0,4.0,9.0,19.0,37.0,76.0,188.0,153.0,51.0,18.0,6.0,3.0,-8.092,-5.124,1.468,9.952,15.9,20.292,22.508,21.428,16.24,9.748,1.112,-5.712,0.0,0.0,0.0,0.0,182.9,308.76,387.748,354.268,187.2,0.0,0.0,0.0,1420.8759,1420.8759,671.1961,20.2469,306.8159,15.9,51.1,33.0,374.0,1.28,18.3,7.1,37.4,,6.960439452821032,0.1152331919396063,SpatialPred,6.642091479126892,BayesianBlend,125,,0
116.8125,40.1875,30.3,-11.728,193.0,11.408,12.274,29.2043,1127.8512,30.3,-11.728,42.028,24.5107,-3.2793,24.5107,-3.2793,525.0,193.0,3.0,137.0158,399.0,11.0,399.0,11.0,4.0,3.0,7.0,13.0,29.0,68.0,193.0,138.0,45.0,16.0,5.0,4.0,-5.288,-1.696,5.052,13.512,19.204,23.7,25.6,24.28,19.232,12.5,3.636,-2.868,0.0,0.0,0.0,105.36,285.324,411.0,483.6,442.68,276.96,77.5,0.0,0.0,2004.924,2082.424,46.43339999999998,1.0610999999999997,202.5364,18.7,43.9,37.4,178.0,1.32,19.3,7.8,17.8,7.239330768585205,7.195797595386318,0.03,Xiao2024,7.239330768585205,Xiao2024,126,,0
116.8542,40.1875,30.232,-11.536,193.0,11.4308,12.179,29.1587,1123.6919,30.232,-11.536,41.768,24.4927,-3.2007,24.4927,-3.2007,522.0,193.0,3.0,137.9333,398.0,11.0,398.0,11.0,4.0,3.0,6.0,12.0,29.0,67.0,193.0,138.0,45.0,16.0,5.0,4.0,-5.172,-1.636,5.096,13.5,19.2,23.688,25.576,24.292,19.2,12.56,3.724,-2.784,0.0,0.0,0.0,105.0,285.2,410.64,482.856,443.052,276.0,79.36,0.0,0.0,2002.7481,2082.1081,45.3477,0.9120000000000008,152.4875,18.3,43.9,37.8,215.0,1.32,19.1,7.8,21.5,7.293098926544189,7.2030305285844864,0.03,Xiao2024,7.293098926544189,Xiao2024,127,,0
116.8958,40.1875,30.068,-11.348,193.0,11.4118,12.045,29.083,1119.7162,30.068,-11.348,41.416,24.4107,-3.17,24.4107,-3.17,519.0,193.0,3.0,138.7247,397.0,11.0,397.0,11.0,4.0,3.0,6.0,12.0,29.0,66.0,193.0,138.0,44.0,15.0,5.0,4.0,-5.116,-1.6799999999999995,4.996,13.468,19.192,23.572,25.444,24.228,19.184,12.568,3.788,-2.72,0.0,0.0,0.0,104.04,284.952,407.16,478.764,441.068,275.52,79.608,0.0,0.0,1991.5041,2071.1121,53.58709999999999,2.719199999999999,214.8618,17.7,43.9,38.4,245.0,1.31,18.0,7.6,24.5,7.540404319763184,7.211795824449247,0.03,Xiao2024,7.540404319763184,Xiao2024,128,,0
116.9375,40.1875,29.948,-11.42,193.0,11.3238,12.0277,29.0748,1119.1886,29.948,-11.42,41.368,24.3093,-3.2613,24.3093,-3.2613,523.0,193.0,3.0,137.9309,399.0,11.0,399.0,11.0,4.0,3.0,6.0,13.0,30.0,67.0,193.0,139.0,44.0,15.0,5.0,4.0,-5.224,-1.796,4.88,13.408,19.124,23.44,25.34,24.168,19.108,12.472,3.752,-2.788,0.0,0.0,0.0,102.24,282.844,403.2,475.54,439.208,273.24,76.632,0.0,0.0,1976.272,2052.904,64.02449999999999,4.1741,165.6603,17.5,43.6,38.9,270.0,1.3,17.0,7.5,27.0,7.540404319763184,7.200998941234955,0.03,Xiao2024,7.540404319763184,Xiao2024,129,,0
116.9792,40.1875,30.0,-11.436,193.0,11.3412,11.9963,28.9515,1121.4777,30.0,-11.436,41.436,24.3627,-3.268,24.3627,-3.268,525.0,193.0,3.0,137.3269,399.0,11.0,399.0,11.0,4.0,3.0,6.0,13.0,30.0,67.0,193.0,139.0,45.0,16.0,5.0,4.0,-5.22,-1.796,4.876,13.4,19.16,23.452,25.412,24.236,19.132,12.508,3.748,-2.78,0.0,0.0,0.0,102.0,283.96,403.56,477.772,441.316,273.96,77.748,0.0,0.0,1982.568,2060.316,57.6848,3.1732999999999985,182.4326,17.7,42.9,39.5,322.0,1.28,16.9,7.6,32.2,,7.188333318251497,0.1152331919396063,SpatialPred,6.238720171208992,BayesianBlend,130,,0
117.0208,40.1875,30.104,-11.52,192.0,11.3873,12.0607,28.9753,1125.1302,30.104,-11.52,41.624,24.4553,-3.2673,24.4553,-3.2673,524.0,192.0,3.0,137.0894,398.0,11.0,398.0,11.0,4.0,3.0,6.0,13.0,30.0,67.0,192.0,139.0,45.0,16.0,5.0,4.0,-5.244,-1.776,4.924,13.476,19.22,23.52,25.512,24.34,19.204,12.5,3.764,-2.792,0.0,0.0,0.0,104.28,285.82,405.6,480.872,444.54,276.12,77.5,0.0,0.0,1997.232,2074.732,40.90539999999999,1.4666999999999994,152.0841,19.4,41.7,39.0,321.0,1.28,18.7,7.7,32.1,,7.193995565959317,0.1152331919396063,SpatialPred,6.593289010068656,BayesianBlend,131,,0
117.0625,40.1875,30.048,-11.488,191.0,11.4015,11.9857,28.8561,1124.4911,30.048,-11.488,41.536,24.4487,-3.2567,24.4487,-3.2567,522.0,191.0,3.0,136.9279,396.0,11.0,396.0,11.0,4.0,3.0,6.0,14.0,30.0,66.0,191.0,139.0,44.0,16.0,5.0,4.0,-5.228,-1.76,4.952,13.52,19.232,23.516,25.496,24.336,19.204,12.556,3.796,-2.772,0.0,0.0,0.0,105.6,286.192,405.48,480.376,444.416,276.12,79.236,0.0,0.0,1998.1841,2077.4201,39.06939999999997,1.617399999999999,195.1292,20.6,41.0,38.4,317.0,1.27,20.2,7.7,31.7,,7.196171573321729,0.1152331919396063,SpatialPred,6.878216846273522,BayesianBlend,132,,0
117.1042,40.1875,29.936,-11.48,191.0,11.3453,11.9307,28.8069,1123.2583,29.936,-11.48,41.416,24.3713,-3.3047,24.3713,-3.3047,525.0,191.0,3.0,136.5611,398.0,11.0,398.0,11.0,4.0,3.0,6.0,14.0,30.0,67.0,191.0,140.0,45.0,16.0,5.0,4.0,-5.256,-1.816,4.892,13.408,19.156,23.432,25.416,24.26,19.152,12.536,3.792,-2.832,0.0,0.0,0.0,102.24,283.836,402.96,477.896,442.06,274.56,78.616,0.0,0.0,1983.5521,2062.1681,65.81110000000001,4.3522,189.507,20.5,41.0,38.5,370.0,1.25,20.5,7.6,37.0,,7.18919236107601,0.1152331919396063,SpatialPred,6.311926011996853,BayesianBlend,133,,0
117.1458,40.1875,29.936,-11.524,191.0,11.3268,11.921,28.753,1124.5566,29.936,-11.524,41.46,24.3693,-3.3413,24.3693,-3.3413,527.0,191.0,3.0,136.4524,400.0,11.0,400.0,11.0,4.0,3.0,6.0,14.0,30.0,68.0,191.0,141.0,45.0,16.0,5.0,4.0,-5.312,-1.872,4.84,13.36,19.128,23.42,25.42,24.288,19.172,12.556,3.784,-2.864,0.0,0.0,0.0,100.8,282.968,402.6,478.02,442.928,275.16,79.236,0.0,0.0,1982.476,2061.712,67.60480000000001,3.6163,190.294,20.0,40.9,39.1,396.0,1.24,20.5,7.6,39.6,,7.185477820600821,0.1152331919396063,SpatialPred,6.385546560762943,BayesianBlend,134,,0
117.1875,40.1875,29.944,-11.664,191.0,11.2932,11.9677,28.7629,1128.5159,29.944,-11.664,41.608,24.3733,-3.4327,24.3733,-3.4327,530.0,191.0,3.0,135.8493,401.0,11.0,401.0,11.0,4.0,3.0,7.0,14.0,31.0,68.0,191.0,142.0,45.0,16.0,5.0,4.0,-5.396,-1.948,4.788,13.336,19.152,23.412,25.4,24.292,19.164,12.52,3.74,-2.944,0.0,0.0,0.0,100.08,283.712,402.36,477.4,443.052,274.92,78.12,0.0,0.0,1981.524,2059.644,60.39519999999999,1.3783999999999992,192.9911,19.1,42.0,38.9,355.0,1.26,20.5,7.6,35.5,,7.172874307334066,0.1152331919396063,SpatialPred,6.498336855053358,BayesianBlend,135,,0
117.2292,40.1875,29.84,-11.88,190.0,11.1593,12.0193,28.8095,1130.9235,29.84,-11.88,41.72,24.2547,-3.61,24.2547,-3.61,533.0,190.0,3.0,134.9306,402.0,11.0,402.0,11.0,4.0,3.0,7.0,15.0,31.0,69.0,190.0,143.0,46.0,16.0,5.0,4.0,-5.58,-2.132,4.636,13.208,19.048,23.292,25.292,24.18,19.052,12.4,3.612,-3.116,0.0,0.0,0.0,96.24,280.488,398.76,474.052,439.58,271.56,74.4,0.0,0.0,1960.68,2035.08,80.1301,1.8641000000000003,202.0137,18.1,43.8,38.1,325.0,1.27,20.2,7.6,32.5,,7.154711212265634,0.1152331919396063,SpatialPred,6.3840646018905485,BayesianBlend,136,,0
117.2708,40.1875,29.712,-11.92,189.0,11.056,11.8873,28.5534,1130.7837,29.712,-11.92,41.632,24.1467,-3.7253,24.1467,-3.7253,533.0,189.0,3.0,134.7802,402.0,11.0,402.0,11.0,4.0,3.0,7.0,15.0,31.0,69.0,189.0,144.0,46.0,16.0,5.0,4.0,-5.712,-2.28,4.46,13.052,18.884,23.136,25.188,24.124,19.0,12.364,3.64,-3.176,0.0,0.0,0.0,91.56,275.404,394.08,470.828,437.844,270.0,73.284,0.0,0.0,1939.716,2013.0,93.80200000000002,1.9276,200.6585,17.2,45.3,37.4,307.0,1.27,19.5,7.6,30.7,,7.138509439971396,0.1152331919396063,SpatialPred,6.191942284446019,BayesianBlend,137,,0
117.3125,40.1875,29.436,-11.924,188.0,10.8525,11.677,28.2326,1127.1805,29.436,-11.924,41.36,23.9127,-3.8793,23.9127,-3.8793,531.0,188.0,3.0,134.723,400.0,11.0,400.0,11.0,4.0,3.0,7.0,15.0,31.0,68.0,188.0,144.0,46.0,16.0,5.0,4.0,-5.852,-2.528,4.176,12.728,18.588,22.864,24.94,23.928,18.824,12.228,3.564,-3.268,0.0,0.0,0.0,81.84,266.228,385.92,463.14,431.768,264.72,69.068,0.0,0.0,1893.616,1962.684,127.5181,5.5145,220.6322,17.1,49.5,33.3,360.0,1.27,17.6,7.4,36.0,,7.108065391320246,0.1152331919396063,SpatialPred,6.466269319138779,BayesianBlend,138,,0
117.3542,40.1875,28.988,-12.22,189.0,10.4258,11.709,28.4144,1122.1353,28.988,-12.22,41.208,23.4453,-4.226,23.4453,-4.226,537.0,189.0,3.0,135.0862,406.0,9.0,406.0,9.0,3.0,3.0,7.0,15.0,32.0,70.0,189.0,147.0,47.0,16.0,5.0,3.0,-6.132,-2.9,3.76,12.264,18.1,22.384,24.472,23.476,18.372,11.82,3.156,-3.648,0.0,0.0,0.0,67.92,251.1,371.52,448.632,417.756,251.16,56.42,0.0,0.0,1808.088,1864.508,215.7839,10.7878,225.508,17.0,53.2,29.8,419.0,1.26,16.7,7.2,41.9,,7.057445624814745,0.1152331919396063,SpatialPred,6.245219710119063,BayesianBlend,139,,0
117.3958,40.1875,28.656,-12.612,190.0,10.074,11.7953,28.5823,1120.2072,28.656,-12.612,41.268,23.086,-4.5527,23.086,-4.5527,545.0,190.0,3.0,133.9117,409.0,9.0,409.0,9.0,3.0,3.0,7.0,16.0,33.0,70.0,190.0,149.0,48.0,17.0,6.0,3.0,-6.444,-3.268,3.4,11.868,17.704,22.004,24.136,23.12,17.992,11.452,2.844,-3.968,0.0,0.0,0.0,56.04,238.824,360.12,438.216,406.72,239.76,45.012,0.0,0.0,1739.68,1784.692,293.8375,10.6,180.1086,16.2,54.5,29.2,438.0,1.26,17.1,7.2,43.8,,7.020549864058368,0.1152331919396063,SpatialPred,6.502142798611878,BayesianBlend,140,,0
117.4375,40.1875,28.852,-12.712,189.0,10.1937,11.888,28.6017,1128.4357,28.852,-12.712,41.564,23.2873,-4.552,23.2873,-4.552,545.0,189.0,3.0,133.9558,410.0,9.0,410.0,9.0,3.0,3.0,7.0,16.0,33.0,71.0,189.0,150.0,48.0,16.0,6.0,3.0,-6.476,-3.216,3.524,12.06,17.912,22.188,24.328,23.332,18.148,11.572,2.9,-3.96,0.0,0.0,0.0,61.8,245.272,365.64,444.168,413.292,244.44,48.732,0.0,0.0,1774.612,1823.3441,239.1953,6.5963,243.9618,15.5,54.8,29.7,422.0,1.26,17.8,7.3,42.2,,7.0259131310462735,0.1152331919396063,SpatialPred,6.257603963558769,BayesianBlend,141,,0
117.4792,40.1875,28.452,-12.94,189.0,9.8233,11.784,28.4693,1125.4067,28.452,-12.94,41.392,22.8933,-4.8753,22.8933,-4.8753,554.0,189.0,3.0,132.2973,414.0,10.0,414.0,10.0,3.0,4.0,7.0,17.0,34.0,73.0,189.0,152.0,49.0,17.0,6.0,3.0,-6.748,-3.592,3.112,11.636,17.496,21.796,23.94,22.944,17.772,11.232,2.572,-4.268,0.0,0.0,0.0,49.08,232.376,353.88,432.14,401.264,233.16,38.192,0.0,0.0,1701.9,1740.092,320.4306,9.6087,217.3506,17.3,45.3,37.3,395.0,1.27,20.6,6.8,39.5,,7.044877359462604,0.1152331919396063,SpatialPred,6.702759242939177,BayesianBlend,142,,0
117.5208,40.1875,27.928,-13.076,190.0,9.3925,11.5143,28.081,1118.3961,27.928,-13.076,41.004,22.4087,-5.1933,22.4087,-5.1933,562.0,190.0,3.0,131.3821,418.0,10.0,418.0,10.0,3.0,4.0,8.0,18.0,35.0,74.0,190.0,154.0,50.0,17.0,6.0,3.0,-7.016,-3.992,2.612,11.08,16.924,21.288,23.468,22.484,17.34,10.868,2.26,-4.572,0.0,0.0,0.0,32.4,214.644,338.64,417.508,387.004,220.2,26.908,0.0,0.0,1610.396,1637.304,353.2308,9.2787,206.2957,17.5,43.9,38.5,382.0,1.27,20.5,6.7,38.2,,7.025197514032854,0.1152331919396063,SpatialPred,6.2814298404893405,BayesianBlend,143,,0
116.8125,40.1458,30.376,-11.604,197.0,11.4918,12.1943,29.048,1130.9506,30.376,-11.604,41.98,24.6247,-3.2327,24.6247,-3.2327,531.0,197.0,3.0,137.7248,404.0,11.0,404.0,11.0,4.0,3.0,7.0,13.0,30.0,68.0,197.0,139.0,45.0,16.0,5.0,4.0,-5.24,-1.644,5.132,13.624,19.336,23.768,25.68,24.404,19.352,12.576,3.704,-2.788,0.0,0.0,0.0,108.72,289.416,413.04,486.08,446.524,280.56,79.856,0.0,0.0,2024.34,2104.196,37.8827,0.9933999999999994,235.6539,21.3,42.5,36.1,144.0,1.33,20.2,7.9,14.4,6.902655124664307,7.207579290054486,0.03,Xiao2024,6.902655124664307,Xiao2024,144,,0
116.8542,40.1458,30.348,-11.604,197.0,11.4743,12.1953,29.0697,1128.5487,30.348,-11.604,41.952,24.5913,-3.214,24.5913,-3.214,530.0,197.0,3.0,138.0264,404.0,11.0,404.0,11.0,4.0,3.0,7.0,13.0,29.0,68.0,197.0,139.0,45.0,16.0,5.0,4.0,-5.204,-1.608,5.1,13.572,19.28,23.744,25.66,24.368,19.304,12.6,3.7,-2.8,0.0,0.0,0.0,107.16,287.68,412.32,485.46,445.408,279.12,80.6,0.0,0.0,2017.1479,2097.7479,40.23570000000004,0.8803999999999998,133.1823,18.4,42.3,39.3,145.0,1.34,20.0,7.9,14.5,,7.21149046202719,0.1152331919396063,SpatialPred,6.439467611532168,BayesianBlend,145,,0
116.8958,40.1458,30.252,-11.496,196.0,11.4607,12.092,28.9643,1126.175,30.252,-11.496,41.748,24.5487,-3.1973,24.5487,-3.1973,527.0,196.0,3.0,138.2208,402.0,11.0,402.0,11.0,4.0,3.0,7.0,13.0,29.0,67.0,196.0,139.0,44.0,16.0,5.0,4.0,-5.2,-1.624,5.08,13.524,19.284,23.676,25.612,24.352,19.288,12.588,3.72,-2.74,0.0,0.0,0.0,105.72,287.804,410.28,483.972,444.912,278.64,80.228,0.0,0.0,2011.328,2091.556,40.34799999999999,1.8573000000000004,190.1986,18.1,42.4,39.4,150.0,1.33,19.7,7.8,15.0,7.267929553985596,7.210292832945535,0.03,Xiao2024,7.267929553985596,Xiao2024,146,,0
116.9375,40.1458,30.196,-11.54,196.0,11.4303,12.1013,28.995,1125.7751,30.196,-11.54,41.736,24.5107,-3.22,24.5107,-3.22,526.0,196.0,3.0,138.8378,402.0,11.0,402.0,11.0,4.0,3.0,6.0,13.0,29.0,66.0,196.0,140.0,44.0,16.0,5.0,4.0,-5.212,-1.708,4.992,13.492,19.244,23.608,25.572,24.336,19.264,12.552,3.736,-2.76,0.0,0.0,0.0,104.76,286.564,408.24,482.732,444.416,277.92,79.112,0.0,0.0,2004.6319,2083.7439,41.25749999999999,1.8675999999999984,77.4825,18.4,42.4,39.2,162.0,1.33,19.6,7.8,16.2,7.391701698303223,7.21278479848657,0.03,Xiao2024,7.391701698303223,Xiao2024,147,,0
116.9792,40.1458,30.196,-11.532,195.0,11.4515,12.053,28.8847,1126.3602,30.196,-11.532,41.728,24.5367,-3.2013,24.5367,-3.2013,525.0,195.0,3.0,138.6003,401.0,11.0,401.0,11.0,4.0,3.0,6.0,13.0,29.0,66.0,195.0,140.0,44.0,16.0,5.0,4.0,-5.2,-1.7,5.0,13.5,19.296,23.628,25.596,24.396,19.296,12.6,3.764,-2.704,0.0,0.0,0.0,105.0,288.176,408.84,483.476,446.276,278.88,80.6,0.0,0.0,2010.648,2091.248,33.696800000000025,1.0151000000000003,149.3354,19.9,41.9,38.2,163.0,1.33,20.3,7.8,16.3,,7.212268363864839,0.1152331919396063,SpatialPred,6.640924843817364,BayesianBlend,148,,0
117.0208,40.1458,30.22,-11.5,195.0,11.4628,12.0123,28.7927,1128.2836,30.22,-11.5,41.72,24.584,-3.2027,24.584,-3.2027,526.0,195.0,3.0,138.4169,402.0,11.0,402.0,11.0,4.0,3.0,6.0,13.0,29.0,67.0,195.0,140.0,44.0,16.0,5.0,4.0,-5.2,-1.7,4.968,13.5,19.3,23.672,25.636,24.42,19.324,12.604,3.78,-2.708,0.0,0.0,0.0,105.0,288.3,410.16,484.716,447.02,279.72,80.724,0.0,0.0,2014.916,2095.64,31.579600000000028,0.9139,148.0461,21.3,41.2,37.4,160.0,1.34,21.0,7.8,15.999999999999998,,7.213897248067975,0.1152331919396063,SpatialPred,6.279483074053881,BayesianBlend,149,,0
117.0625,40.1458,30.328,-11.408,194.0,11.5362,11.9617,28.6603,1129.8998,30.328,-11.408,41.736,24.674,-3.156,24.674,-3.156,526.0,194.0,3.0,138.2404,402.0,11.0,402.0,11.0,4.0,3.0,6.0,13.0,29.0,67.0,194.0,141.0,44.0,16.0,5.0,4.0,-5.144,-1.64,5.024,13.576,19.348,23.74,25.744,24.54,19.412,12.68,3.84,-2.684,0.0,0.0,0.0,107.28,289.788,412.2,488.064,450.74,282.36,83.08,0.0,0.0,2030.432,2113.512,27.5803,0.9608000000000008,152.8989,21.0,41.2,37.8,162.0,1.34,20.2,7.8,16.2,,7.208234191606716,0.1152331919396063,SpatialPred,6.535466595379062,BayesianBlend,150,,0
117.1042,40.1458,30.544,-11.26,198.0,11.6478,11.927,28.5308,1135.2539,30.544,-11.26,41.804,24.8573,-3.104,24.8573,-3.104,542.0,198.0,3.0,136.8283,412.0,12.0,412.0,12.0,5.0,3.0,7.0,14.0,30.0,70.0,198.0,144.0,45.0,17.0,5.0,4.0,-5.1,-1.56,5.1,13.668,19.516,23.896,25.92,24.74,19.568,12.768,3.9,-2.68,0.0,0.0,0.0,110.04,294.996,416.88,493.52,456.94,287.04,85.808,0.0,0.0,2059.416,2145.224,30.480799999999988,0.9946000000000002,267.449,20.8,41.3,37.9,160.0,1.33,19.0,7.8,15.999999999999998,,7.196734036213844,0.1152331919396063,SpatialPred,6.721991320654468,BayesianBlend,151,,0
117.1458,40.1458,30.5,-11.52,194.0,11.584,12.0613,28.7038,1139.1089,30.5,-11.52,42.02,24.8193,-3.2313,24.8193,-3.2313,534.0,194.0,3.0,136.7318,406.0,11.0,406.0,11.0,4.0,3.0,7.0,14.0,30.0,69.0,194.0,143.0,45.0,16.0,5.0,4.0,-5.24,-1.676,5.032,13.636,19.516,23.864,25.864,24.712,19.524,12.716,3.828,-2.78,0.0,0.0,0.0,109.08,294.996,415.92,491.784,456.072,285.72,84.196,0.0,0.0,2053.5721,2137.7681,30.095,1.0495,203.8962,20.6,41.9,37.5,163.0,1.33,19.1,7.8,16.3,,7.186599534138624,0.1152331919396063,SpatialPred,6.201587179929574,BayesianBlend,152,,0
117.1875,40.1458,30.252,-11.872,192.0,11.4122,12.1817,28.9186,1139.5333,30.252,-11.872,42.124,24.6187,-3.4407,24.6187,-3.4407,531.0,192.0,3.0,136.6471,404.0,11.0,404.0,11.0,4.0,3.0,6.0,14.0,30.0,69.0,192.0,143.0,45.0,16.0,5.0,4.0,-5.476,-1.86,4.916,13.516,19.404,23.684,25.656,24.508,19.344,12.564,3.672,-2.984,0.0,0.0,0.0,105.48,291.524,410.52,485.336,449.748,280.32,79.484,0.0,0.0,2022.928,2102.412,38.4084,1.0342000000000002,289.7532,19.8,43.4,36.8,173.0,1.33,19.8,7.7,17.3,,7.182896415020872,0.1152331919396063,SpatialPred,6.51749672831095,BayesianBlend,153,,0
117.2292,40.1458,29.772,-11.988,192.0,11.0603,11.9673,28.6574,1134.5481,29.772,-11.988,41.76,24.1973,-3.75,24.1973,-3.75,534.0,192.0,3.0,136.1751,405.0,11.0,405.0,11.0,4.0,3.0,6.0,14.0,31.0,69.0,192.0,144.0,46.0,16.0,5.0,4.0,-5.744,-2.248,4.536,13.104,18.984,23.24,25.224,24.132,18.98,12.308,3.456,-3.244,0.0,0.0,0.0,93.12,278.504,397.2,471.944,438.092,269.4,71.548,0.0,0.0,1948.2599,2019.8079,102.92610000000002,6.322100000000001,306.0814,18.7,45.8,35.5,197.0,1.32,19.3,7.6,19.7,,7.158924369898665,0.1152331919396063,SpatialPred,6.521000523571516,BayesianBlend,154,,0
117.2708,40.1458,29.244,-11.996,192.0,10.6488,11.5863,28.0949,1126.801,29.244,-11.996,41.24,23.7093,-4.066,23.7093,-4.066,538.0,192.0,3.0,135.7448,407.0,10.0,407.0,10.0,3.0,3.0,7.0,15.0,31.0,69.0,192.0,146.0,47.0,16.0,5.0,4.0,-6.024,-2.724,3.996,12.556,18.408,22.668,24.756,23.692,18.588,12.012,3.276,-3.476,0.0,0.0,0.0,76.68,260.648,380.04,457.436,424.452,257.64,62.372,0.0,0.0,1856.896,1919.268,186.8669,10.6756,330.892,18.1,49.7,32.2,269.0,1.29,18.3,7.3,26.9,,7.102301821310808,0.1152331919396063,SpatialPred,6.590242754590413,BayesianBlend,155,,0
117.3125,40.1458,28.888,-12.188,192.0,10.3305,11.475,27.936,1122.5446,28.888,-12.188,41.076,23.3633,-4.3207,23.3633,-4.3207,542.0,192.0,3.0,134.9956,409.0,10.0,409.0,10.0,3.0,3.0,7.0,15.0,32.0,70.0,192.0,147.0,47.0,16.0,6.0,4.0,-6.236,-3.048,3.604,12.136,17.984,22.292,24.4,23.388,18.288,11.732,3.092,-3.66,0.0,0.0,0.0,64.08,247.504,368.76,446.4,415.028,248.64,53.692,0.0,0.0,1790.412,1844.104,251.5694,13.5867,14.79910000000001,18.3,51.3,30.4,493.0,1.23,17.6,7.1,49.3,,7.061165590943263,0.1152331919396063,SpatialPred,6.215810085155515,BayesianBlend,156,,0
117.3542,40.1458,28.864,-12.352,192.0,10.2662,11.6283,28.2132,1122.7278,28.864,-12.352,41.216,23.3007,-4.3867,23.3007,-4.3867,546.0,192.0,3.0,134.584,411.0,10.0,411.0,10.0,3.0,3.0,7.0,16.0,32.0,70.0,192.0,149.0,48.0,16.0,6.0,4.0,-6.292,-3.092,3.572,12.088,17.916,22.216,24.36,23.336,18.212,11.64,3.004,-3.764,0.0,0.0,0.0,62.64,245.396,366.48,445.16,413.416,246.36,50.84,0.0,0.0,1779.452,1830.292,253.7685,15.008,284.3159,18.1,51.9,30.0,572.0,1.21,17.4,7.2,57.2,,7.057036361277908,0.1152331919396063,SpatialPred,6.199326865811901,BayesianBlend,157,,0
117.3958,40.1458,29.0,-12.456,191.0,10.3628,11.8177,28.5065,1125.0562,29.0,-12.456,41.456,23.4173,-4.336,23.4173,-4.336,547.0,191.0,3.0,134.1715,411.0,10.0,411.0,10.0,3.0,3.0,7.0,16.0,33.0,70.0,191.0,150.0,48.0,16.0,6.0,4.0,-6.284,-3.012,3.696,12.228,18.044,22.3,24.48,23.456,18.296,11.732,3.084,-3.72,0.0,0.0,0.0,66.84,249.364,369.0,448.88,417.136,248.88,53.692,0.0,0.0,1800.0999,1853.792,227.3522,9.518,86.08990000000001,17.4,55.7,26.8,433.0,1.23,16.7,7.4,43.3,,7.039191964679854,0.1152331919396063,SpatialPred,6.518346803311499,BayesianBlend,158,,0
117.4375,40.1458,28.916,-12.584,190.0,10.2822,11.8863,28.6418,1125.3037,28.916,-12.584,41.5,23.3427,-4.4147,23.3427,-4.4147,548.0,190.0,3.0,133.7163,411.0,10.0,411.0,10.0,3.0,3.0,7.0,17.0,33.0,70.0,190.0,151.0,48.0,16.0,6.0,4.0,-6.36,-3.096,3.628,12.152,17.98,22.224,24.4,23.396,18.216,11.648,2.996,-3.804,0.0,0.0,0.0,64.56,247.38,366.72,446.4,415.276,246.48,51.088,0.0,0.0,1786.816,1837.904,234.181,7.7224,257.1953,16.5,55.4,28.1,259.0,1.28,17.0,7.4,25.9,,7.042573020239011,0.1152331919396063,SpatialPred,6.479887183050455,BayesianBlend,159,,0
117.4792,40.1458,28.652,-12.532,191.0,10.1313,11.796,28.6422,1117.6252,28.652,-12.532,41.184,23.122,-4.4573,23.122,-4.4573,554.0,191.0,3.0,133.233,415.0,9.0,415.0,9.0,3.0,3.0,7.0,17.0,34.0,72.0,191.0,152.0,49.0,17.0,6.0,3.0,-6.34,-3.18,3.464,11.908,17.728,22.008,24.152,23.192,18.012,11.524,2.928,-3.864,0.0,0.0,0.0,57.24,239.568,360.24,438.712,408.952,240.36,47.244,0.0,0.0,1745.072,1792.316,286.1995,10.5121,193.7937,16.5,50.6,32.9,284.0,1.28,18.0,7.3,28.4,,7.034145645890079,0.1152331919396063,SpatialPred,6.468198516406755,BayesianBlend,160,,0
117.5208,40.1458,28.716,-12.228,191.0,10.2737,11.5653,28.2467,1116.3733,28.716,-12.228,40.944,23.25,-4.3027,23.25,-4.3027,554.0,191.0,3.0,133.5516,416.0,9.0,416.0,9.0,3.0,3.0,7.0,17.0,34.0,72.0,191.0,153.0,48.0,17.0,6.0,3.0,-6.16,-3.088,3.548,11.984,17.804,22.108,24.292,23.344,18.216,11.724,3.156,-3.66,0.0,0.0,0.0,59.52,241.924,363.24,443.052,413.664,246.48,53.444,0.0,0.0,1767.88,1821.324,261.5288,14.1013,125.1103,16.7,49.3,34.0,316.0,1.27,18.3,7.2,31.6,,7.036844779288467,0.1152331919396063,SpatialPred,6.486300730225426,BayesianBlend,161,,0
116.8125,40.1042,30.348,-11.584,199.0,11.5298,12.2183,29.1384,1129.2471,30.348,-11.584,41.932,24.6307,-3.1793,24.6307,-3.1793,533.0,199.0,3.0,138.4324,406.0,11.0,406.0,11.0,4.0,3.0,7.0,13.0,30.0,67.0,199.0,140.0,45.0,16.0,5.0,4.0,-5.196,-1.6,5.192,13.704,19.4,23.8,25.7,24.42,19.392,12.6,3.712,-2.732,0.0,0.0,0.0,111.12,291.4,414.0,486.7,447.02,281.76,80.6,0.0,0.0,2032.0,2112.6,38.03829999999999,1.1395999999999995,294.8381,20.7,40.5,38.7,132.0,1.34,20.5,7.9,13.2,6.902655124664307,7.224610743780777,0.03,Xiao2024,6.902655124664307,Xiao2024,162,,0
116.8542,40.1042,30.36,-11.568,200.0,11.5223,12.196,29.088,1127.4475,30.36,-11.568,41.928,24.6227,-3.1507,24.6227,-3.1507,535.0,200.0,3.0,138.2906,407.0,12.0,407.0,12.0,5.0,3.0,7.0,13.0,30.0,67.0,200.0,140.0,45.0,16.0,5.0,4.0,-5.16,-1.592,5.144,13.644,19.348,23.768,25.7,24.4,19.328,12.604,3.744,-2.7,0.0,0.0,0.0,109.32,289.788,413.04,486.7,446.4,279.84,80.724,0.0,0.0,2025.088,2105.812,38.17069999999998,1.043099999999999,101.8771,20.5,40.1,39.4,137.0,1.34,21.1,7.9,13.7,7.267929553985596,7.236812941312035,0.03,Xiao2024,7.267929553985596,Xiao2024,163,,0
116.8958,40.1042,30.288,-11.492,199.0,11.496,12.086,28.9277,1125.2849,30.288,-11.492,41.78,24.578,-3.136,24.578,-3.136,532.0,199.0,3.0,138.6067,406.0,12.0,406.0,12.0,5.0,3.0,7.0,13.0,29.0,67.0,199.0,140.0,44.0,16.0,5.0,4.0,-5.152,-1.576,5.084,13.572,19.284,23.688,25.684,24.388,19.344,12.624,3.772,-2.688,0.0,0.0,0.0,107.16,287.804,410.64,486.204,446.028,280.32,81.344,0.0,0.0,2018.1561,2099.5001,39.42179999999999,2.1080000000000005,161.335,21.3,39.8,38.9,139.0,1.34,21.2,7.8,13.9,7.267929553985596,7.239244168787533,0.03,Xiao2024,7.267929553985596,Xiao2024,164,,0
116.9375,40.1042,30.252,-11.508,198.0,11.4888,12.095,28.9631,1126.0071,30.252,-11.508,41.76,24.5747,-3.1513,24.5747,-3.1513,531.0,198.0,3.0,138.368,405.0,12.0,405.0,12.0,5.0,3.0,7.0,13.0,29.0,67.0,198.0,140.0,44.0,16.0,5.0,4.0,-5.152,-1.604,5.06,13.544,19.292,23.692,25.648,24.396,19.352,12.612,3.756,-2.704,0.0,0.0,0.0,106.32,288.052,410.76,485.088,446.276,280.56,80.972,0.0,0.0,2017.0561,2098.0281,36.56979999999996,1.9873000000000005,150.4906,20.9,40.3,38.8,142.0,1.34,20.7,7.8,14.2,7.24899435043335,7.234147196039493,0.03,Xiao2024,7.24899435043335,Xiao2024,165,,0
116.9792,40.1042,30.164,-11.524,197.0,11.4735,12.011,28.8116,1126.6633,30.164,-11.524,41.688,24.5613,-3.1753,24.5613,-3.1753,529.0,197.0,3.0,138.7518,404.0,11.0,404.0,11.0,4.0,3.0,7.0,13.0,29.0,66.0,197.0,141.0,44.0,16.0,5.0,4.0,-5.18,-1.644,5.0,13.504,19.276,23.652,25.6,24.4,19.36,12.624,3.732,-2.7,0.0,0.0,0.0,105.12,287.556,409.56,483.6,446.4,280.8,81.344,0.0,0.0,2013.0359,2094.38,29.72400000000001,1.0348000000000006,75.3123,21.0,39.9,39.1,148.0,1.34,20.0,7.8,14.8,,7.217302342925119,0.1152331919396063,SpatialPred,6.378445600783623,BayesianBlend,166,,0
117.0208,40.1042,30.188,-11.5,196.0,11.4755,11.933,28.6245,1128.4121,30.188,-11.5,41.688,24.588,-3.1973,24.588,-3.1973,529.0,196.0,3.0,138.3321,404.0,11.0,404.0,11.0,4.0,3.0,7.0,13.0,29.0,67.0,196.0,141.0,44.0,16.0,5.0,4.0,-5.2,-1.7,4.992,13.5,19.296,23.672,25.648,24.456,19.4,12.608,3.768,-2.7,0.0,0.0,0.0,105.0,288.176,410.16,485.088,448.136,282.0,80.848,0.0,0.0,2018.56,2099.408,25.00380000000001,1.0284999999999993,105.7138,22.3,38.6,39.1,164.0,1.34,19.2,7.8,16.4,,7.214667595370974,0.1152331919396063,SpatialPred,6.538952327393166,BayesianBlend,167,,0
117.0625,40.1042,30.248,-11.464,195.0,11.4998,11.8943,28.5154,1130.3136,30.248,-11.464,41.712,24.636,-3.1947,24.636,-3.1947,530.0,195.0,3.0,137.8034,404.0,11.0,404.0,11.0,4.0,3.0,7.0,14.0,29.0,67.0,195.0,142.0,44.0,16.0,5.0,4.0,-5.2,-1.672,4.96,13.54,19.316,23.688,25.712,24.512,19.42,12.66,3.76,-2.712,0.0,0.0,0.0,106.2,288.796,410.64,487.072,449.872,282.6,82.46,0.0,0.0,2025.18,2107.64,25.98350000000002,0.9376999999999996,341.3743,22.7,38.5,38.7,175.0,1.34,19.2,7.8,17.5,,7.209509932071986,0.1152331919396063,SpatialPred,6.547611005099805,BayesianBlend,168,,0
117.1042,40.1042,30.42,-11.396,195.0,11.577,11.8953,28.4468,1135.7504,30.42,-11.396,41.816,24.7787,-3.1833,24.7787,-3.1833,532.0,195.0,3.0,137.2501,404.0,11.0,404.0,11.0,4.0,3.0,7.0,14.0,30.0,67.0,195.0,142.0,45.0,16.0,5.0,4.0,-5.184,-1.628,5.012,13.612,19.444,23.824,25.848,24.672,19.512,12.708,3.812,-2.732,0.0,0.0,0.0,108.36,292.764,414.72,491.288,454.832,285.36,83.948,0.0,0.0,2047.324,2131.272,29.72970000000001,1.2432999999999996,316.0591,22.2,39.1,38.7,174.0,1.34,20.4,7.8,17.4,,7.202843956981694,0.1152331919396063,SpatialPred,6.36643994577948,BayesianBlend,169,,0
117.1458,40.1042,30.032,-11.728,195.0,11.2103,11.896,28.4866,1134.5906,30.032,-11.728,41.76,24.394,-3.5453,24.394,-3.5453,534.0,195.0,3.0,137.5739,407.0,11.0,407.0,11.0,4.0,3.0,6.0,14.0,30.0,68.0,195.0,144.0,45.0,16.0,5.0,4.0,-5.54,-2.028,4.628,13.232,19.088,23.432,25.46,24.308,19.14,12.384,3.5,-3.072,0.0,0.0,0.0,96.96,281.728,402.96,479.26,443.548,274.2,73.904,0.0,0.0,1978.6559,2052.5599,108.87,7.3325,320.3736,19.6,42.0,38.4,175.0,1.34,20.7,7.8,17.5,,7.193920913963325,0.1152331919396063,SpatialPred,6.819785577836556,BayesianBlend,170,,0
117.1875,40.1042,29.632,-11.948,195.0,10.922,11.8067,28.3951,1130.8627,29.632,-11.948,41.58,24.0513,-3.8107,24.0513,-3.8107,539.0,195.0,3.0,136.9628,410.0,11.0,410.0,11.0,4.0,3.0,7.0,14.0,31.0,69.0,195.0,146.0,46.0,15.0,5.0,4.0,-5.796,-2.344,4.348,12.904,18.76,23.08,25.092,23.98,18.82,12.156,3.336,-3.288,0.0,0.0,0.0,87.12,271.56,392.4,467.852,433.38,264.6,66.836,0.0,0.0,1916.912,1983.748,156.6382,10.0202,343.1436,18.7,45.1,36.2,241.0,1.31,19.5,7.6,24.1,,7.167928724700897,0.1152331919396063,SpatialPred,6.562586567642632,BayesianBlend,171,,3
117.2292,40.1042,28.884,-12.204,195.0,10.297,11.5147,28.0244,1122.9333,28.884,-12.204,41.088,23.3467,-4.3307,23.3467,-4.3307,547.0,195.0,3.0,135.489,413.0,11.0,413.0,11.0,4.0,3.0,7.0,15.0,32.0,70.0,195.0,148.0,48.0,16.0,5.0,4.0,-6.248,-3.004,3.652,12.148,18.008,22.324,24.392,23.324,18.208,11.632,2.896,-3.76,0.0,0.0,0.0,64.44,248.248,369.72,446.152,413.044,246.24,50.592,0.0,0.0,1787.844,1838.4359,280.6617,13.8211,285.169,19.6,46.6,33.8,352.0,1.27,18.6,7.3,35.2,,7.118667339513037,0.1152331919396063,SpatialPred,6.247461599560072,BayesianBlend,172,5.582,100
117.2708,40.1042,28.088,-12.616,195.0,9.5782,11.327,27.8277,1114.0824,28.088,-12.616,40.704,22.548,-4.9207,22.548,-4.9207,559.0,195.0,3.0,133.4443,419.0,10.0,419.0,10.0,3.0,4.0,8.0,17.0,34.0,73.0,195.0,151.0,49.0,16.0,6.0,3.0,-6.76,-3.728,2.84,11.28,17.156,21.48,23.612,22.552,17.48,10.984,2.332,-4.292,0.0,0.0,0.0,38.4,221.836,344.4,421.972,389.112,224.4,30.504,0.0,0.0,1640.12,1670.624,440.1792,16.9229,234.9786,19.6,44.5,36.0,469.0,1.24,18.2,7.0,46.9,,7.054640231327425,0.1152331919396063,SpatialPred,6.548521104084011,BayesianBlend,173,5.381,6
117.3125,40.1042,28.312,-12.484,195.0,9.8012,11.4483,28.0624,1112.8281,28.312,-12.484,40.796,22.75,-4.6933,22.75,-4.6933,556.0,195.0,3.0,134.2908,418.0,9.0,418.0,9.0,3.0,3.0,8.0,16.0,34.0,72.0,195.0,151.0,49.0,16.0,6.0,3.0,-6.532,-3.492,3.068,11.512,17.356,21.672,23.82,22.776,17.692,11.208,2.588,-4.036,0.0,0.0,0.0,45.36,228.036,350.16,428.42,396.056,230.76,37.448,0.0,0.0,1678.792,1716.24,385.3683,14.6756,156.7379,17.4,43.9,38.7,464.0,1.24,18.1,7.0,46.4,,7.061485962004698,0.1152331919396063,SpatialPred,6.26239556615569,BayesianBlend,174,,0
117.3542,40.1042,28.712,-12.284,194.0,10.1797,11.6127,28.3263,1115.5272,28.712,-12.284,40.996,23.148,-4.362,23.148,-4.362,552.0,194.0,3.0,134.8705,416.0,9.0,416.0,9.0,3.0,3.0,7.0,16.0,33.0,71.0,194.0,151.0,49.0,16.0,6.0,3.0,-6.228,-3.112,3.488,11.94,17.764,22.044,24.22,23.172,18.088,11.568,2.952,-3.724,0.0,0.0,0.0,58.2,240.684,361.32,440.82,408.332,242.64,48.608,0.0,0.0,1751.996,1800.604,296.5886,12.7141,98.0543,16.2,47.4,36.4,390.0,1.25,17.9,7.1,39.0,,7.060753716098015,0.1152331919396063,SpatialPred,6.574146822429606,BayesianBlend,175,,0
117.3958,40.1042,28.94,-12.168,192.0,10.3972,11.6797,28.4121,1118.0984,28.94,-12.168,41.108,23.384,-4.188,23.384,-4.188,549.0,192.0,3.0,134.3625,413.0,9.0,413.0,9.0,3.0,3.0,7.0,16.0,33.0,71.0,192.0,150.0,49.0,16.0,6.0,3.0,-6.084,-2.908,3.708,12.184,18.008,22.256,24.444,23.424,18.308,11.768,3.16,-3.564,0.0,0.0,0.0,65.52,248.248,367.68,447.764,416.144,249.24,54.808,0.0,0.0,1794.596,1849.404,242.9519,9.8418,205.9259,15.8,51.1,33.1,311.0,1.27,17.7,7.2,31.1,,7.047802190760261,0.1152331919396063,SpatialPred,6.634642386643098,BayesianBlend,176,,0
117.4375,40.1042,28.62,-12.356,192.0,10.1297,11.6427,28.4134,1113.3354,28.62,-12.356,40.976,23.078,-4.3867,23.078,-4.3867,555.0,192.0,3.0,132.9897,415.0,10.0,415.0,10.0,3.0,3.0,7.0,17.0,34.0,72.0,192.0,151.0,49.0,17.0,6.0,4.0,-6.28,-3.148,3.436,11.856,17.684,21.948,24.156,23.148,18.028,11.536,2.968,-3.756,0.0,0.0,0.0,55.68,238.204,358.44,438.836,407.588,240.84,47.616,0.0,0.0,1739.588,1787.204,304.2499,14.7934,236.1697,16.0,52.2,31.9,289.0,1.28,17.5,7.3,28.9,,7.045015430362991,0.1152331919396063,SpatialPred,6.282922352857955,BayesianBlend,177,,0
117.4792,40.1042,28.768,-12.16,192.0,10.312,11.608,28.362,1113.2415,28.768,-12.16,40.928,23.256,-4.2087,23.256,-4.2087,554.0,192.0,3.0,133.4628,415.0,10.0,415.0,10.0,3.0,3.0,7.0,17.0,34.0,71.0,192.0,152.0,48.0,17.0,6.0,4.0,-6.084,-2.968,3.62,12.02,17.852,22.12,24.32,23.328,18.224,11.728,3.168,-3.568,0.0,0.0,0.0,60.6,243.412,363.6,443.92,413.168,246.72,53.568,0.0,0.0,1771.42,1824.988,267.6024,14.1934,122.4225,15.7,51.5,32.8,276.0,1.28,17.7,7.4,27.6,,7.0519614851333925,0.1152331919396063,SpatialPred,6.601768936018363,BayesianBlend,178,,0
117.5208,40.1042,29.36,-11.796,190.0,10.8735,11.6337,28.2672,1121.3798,29.36,-11.796,41.156,23.884,-3.7767,23.884,-3.7767,547.0,190.0,3.0,133.9497,411.0,10.0,411.0,10.0,3.0,3.0,7.0,16.0,33.0,70.0,190.0,151.0,47.0,17.0,6.0,4.0,-5.704,-2.508,4.188,12.66,18.48,22.752,24.944,23.984,18.864,12.296,3.676,-3.124,0.0,0.0,0.0,79.8,262.88,382.56,463.264,433.504,265.92,71.176,0.0,0.0,1887.928,1959.104,178.0098,11.428,158.6553,15.5,51.7,32.8,222.0,1.29,18.0,7.5,22.2,,7.062532468274196,0.1152331919396063,SpatialPred,6.508577597930175,BayesianBlend,179,,0
116.8125,40.0625,30.34,-11.508,203.0,11.5565,12.1977,29.1476,1127.9962,30.34,-11.508,41.848,24.6453,-3.1253,24.6453,-3.1253,538.0,203.0,3.0,139.4249,412.0,12.0,412.0,12.0,5.0,3.0,7.0,13.0,29.0,68.0,203.0,141.0,44.0,16.0,5.0,4.0,-5.112,-1.6,5.2,13.768,19.42,23.812,25.704,24.436,19.4,12.6,3.792,-2.684,0.0,0.0,0.0,113.04,292.02,414.36,486.824,447.516,282.0,80.6,0.0,0.0,2035.7599,2116.3599,34.42350000000002,1.0079999999999991,205.167,23.1,39.4,37.5,172.0,1.35,21.0,7.9,17.2,,7.251945459322498,0.1152331919396063,SpatialPred,6.658699109979951,BayesianBlend,180,,0
116.8542,40.0625,30.288,-11.512,202.0,11.5353,12.1753,29.1276,1124.5647,30.288,-11.512,41.8,24.6007,-3.0907,24.6007,-3.0907,532.0,202.0,3.0,140.2154,408.0,12.0,408.0,12.0,5.0,3.0,7.0,12.0,29.0,66.0,202.0,140.0,44.0,15.0,5.0,4.0,-5.1,-1.528,5.14,13.676,19.336,23.72,25.692,24.4,19.372,12.6,3.8,-2.648,0.0,0.0,0.0,110.28,289.416,411.6,486.452,446.4,281.16,80.6,0.0,0.0,2025.308,2105.908,33.7945,0.9438999999999992,124.8422,23.5,39.8,36.7,161.0,1.35,20.9,7.8,16.1,6.909527778625488,7.2601830242876595,0.03,Xiao2024,6.909527778625488,Xiao2024,181,,0
116.8958,40.0625,30.26,-11.484,202.0,11.5247,12.0907,28.9638,1123.2424,30.26,-11.484,41.744,24.5853,-3.0727,24.5853,-3.0727,532.0,202.0,3.0,140.2154,408.0,12.0,408.0,12.0,5.0,3.0,7.0,12.0,29.0,66.0,202.0,140.0,44.0,15.0,5.0,4.0,-5.1,-1.4999999999999998,5.1,13.6,19.288,23.7,25.684,24.4,19.4,12.692,3.8,-2.6,0.0,0.0,0.0,108.0,287.928,411.0,486.204,446.4,282.0,83.452,0.0,0.0,2021.532,2104.984,33.01060000000001,0.8544,149.5803,21.5,40.2,38.3,154.0,1.35,20.1,7.8,15.400000000000002,7.23618745803833,7.255320363029442,0.03,Xiao2024,7.23618745803833,Xiao2024,182,5.721,1100
116.9375,40.0625,30.208,-11.5,201.0,11.5233,12.0893,28.9856,1123.7495,30.208,-11.5,41.708,24.58,-3.0813,24.58,-3.0813,534.0,201.0,3.0,139.479,409.0,12.0,409.0,12.0,5.0,3.0,7.0,13.0,29.0,67.0,201.0,141.0,44.0,15.0,5.0,4.0,-5.1,-1.512,5.1,13.6,19.3,23.7,25.616,24.4,19.4,12.7,3.8,-2.604,0.0,0.0,0.0,108.0,288.3,411.0,484.096,446.4,282.0,83.7,0.0,0.0,2019.796,2103.496,31.421200000000027,0.7798999999999996,135.3829,20.5,40.2,39.2,153.0,1.35,19.5,7.8,15.3,,7.247134849691035,0.1152331919396063,SpatialPred,6.8470886883470055,BayesianBlend,183,5.863,860
116.9792,40.0625,30.172,-11.44,200.0,11.5268,11.9837,28.7986,1125.8995,30.172,-11.44,41.612,24.5987,-3.112,24.5987,-3.112,533.0,200.0,3.0,139.2419,408.0,12.0,408.0,12.0,5.0,3.0,7.0,13.0,29.0,67.0,200.0,141.0,44.0,15.0,5.0,4.0,-5.112,-1.576,5.064,13.576,19.34,23.7,25.64,24.444,19.412,12.688,3.8,-2.644,0.0,0.0,0.0,107.28,289.54,411.0,484.84,447.764,282.36,83.328,0.0,0.0,2022.784,2106.112,29.44040000000001,0.9322,36.794700000000006,21.7,39.6,38.7,160.0,1.35,19.4,7.8,15.999999999999998,,7.242191925265295,0.1152331919396063,SpatialPred,6.4656308894143,BayesianBlend,184,5.945,245
117.0208,40.0625,30.192,-11.428,198.0,11.5043,11.8947,28.5792,1128.4734,30.192,-11.428,41.62,24.61,-3.166,24.61,-3.166,532.0,198.0,3.0,138.9032,407.0,11.0,407.0,11.0,4.0,3.0,7.0,13.0,30.0,67.0,198.0,142.0,44.0,15.0,5.0,4.0,-5.18,-1.6639999999999997,5.008,13.588,19.312,23.696,25.676,24.5,19.4,12.68,3.796,-2.696,0.0,0.0,0.0,107.64,288.6719,410.88,485.956,449.5,282.0,83.08,0.0,0.0,2024.648,2107.728,23.430999999999983,0.9637999999999992,50.15639999999999,22.6,39.2,38.2,166.0,1.35,19.6,7.8,16.6,,7.222110281627292,0.1152331919396063,SpatialPred,6.3673599906801135,BayesianBlend,185,6.021,166
117.0625,40.0625,30.116,-11.456,197.0,11.477,11.8613,28.532,1128.2993,30.116,-11.456,41.572,24.5787,-3.1953,24.5787,-3.1953,530.0,197.0,3.0,138.8023,405.0,11.0,405.0,11.0,4.0,3.0,7.0,14.0,29.0,66.0,197.0,142.0,44.0,15.0,5.0,4.0,-5.192,-1.696,4.968,13.516,19.3,23.62,25.636,24.488,19.4,12.628,3.748,-2.704,0.0,0.0,0.0,105.48,288.3,408.6,484.716,449.128,282.0,81.468,0.0,0.0,2018.224,2099.692,24.33940000000001,0.9766999999999992,189.0192,22.0,40.3,37.8,186.0,1.34,20.0,7.7,18.6,7.4463276863098145,7.21505163993114,0.03,Xiao2024,7.4463276863098145,Xiao2024,186,6.035,1261
117.1042,40.0625,29.992,-11.504,197.0,11.3355,11.809,28.4582,1128.0804,29.992,-11.504,41.496,24.4307,-3.3387,24.4307,-3.3387,533.0,197.0,3.0,138.4229,407.0,11.0,407.0,11.0,4.0,3.0,7.0,14.0,29.0,67.0,197.0,143.0,45.0,15.0,5.0,4.0,-5.324,-1.836,4.804,13.384,19.156,23.476,25.484,24.336,19.236,12.5,3.648,-2.864,0.0,0.0,0.0,101.52,283.836,404.28,480.004,444.416,277.08,77.5,0.0,0.0,1991.136,2068.636,70.43290000000002,5.754299999999999,281.8125,20.3,43.8,36.0,244.0,1.32,19.8,7.3,24.4,,7.19100723993457,0.1152331919396063,SpatialPred,6.3305632323685455,BayesianBlend,187,6.052,415
117.1458,40.0625,29.496,-11.8,196.0,10.8807,11.7127,28.3627,1124.527,29.496,-11.8,41.296,23.9313,-3.7627,23.9313,-3.7627,540.0,196.0,3.0,136.776,410.0,11.0,410.0,11.0,4.0,3.0,7.0,15.0,31.0,69.0,196.0,145.0,46.0,15.0,5.0,4.0,-5.732,-2.308,4.316,12.9,18.684,22.968,24.984,23.84,18.728,12.096,3.308,-3.24,0.0,0.0,0.0,87.0,269.204,389.04,464.504,429.04,261.84,64.976,0.0,0.0,1900.628,1965.604,181.2406,9.5627,312.1378,20.4,44.4,35.2,285.0,1.3,19.1,7.2,28.5,,7.164049236531513,0.1152331919396063,SpatialPred,6.332569654429718,BayesianBlend,188,6.023,74
117.1875,40.0625,29.088,-11.876,196.0,10.5847,11.5607,28.2215,1118.2417,29.088,-11.876,40.964,23.566,-3.99,23.566,-3.99,545.0,196.0,3.0,135.963,412.0,11.0,412.0,11.0,4.0,3.0,7.0,15.0,31.0,69.0,196.0,147.0,47.0,16.0,6.0,4.0,-5.92,-2.624,4.0,12.496,18.296,22.576,24.616,23.508,18.432,11.888,3.172,-3.412,0.0,0.0,0.0,74.88,257.176,377.28,453.096,418.748,252.96,58.528,0.0,0.0,1834.1399,1892.6679,242.7941,11.4993,321.2529,20.5,43.8,35.7,316.0,1.29,18.6,7.1,31.6,,7.132850812336396,0.1152331919396063,SpatialPred,6.450626544922942,BayesianBlend,189,5.866,51
117.2292,40.0625,29.056,-11.796,197.0,10.573,11.436,27.9937,1118.2113,29.056,-11.796,40.852,23.558,-4.0007,23.558,-4.0007,547.0,197.0,3.0,136.2567,414.0,11.0,414.0,11.0,4.0,3.0,7.0,15.0,31.0,69.0,197.0,148.0,47.0,16.0,6.0,4.0,-5.92,-2.708,3.924,12.424,18.228,22.528,24.608,23.556,18.488,11.916,3.228,-3.384,0.0,0.0,0.0,72.72,255.068,375.84,452.848,420.236,254.64,59.396,0.0,0.0,1831.352,1890.748,233.8386,13.2304,209.6615,20.0,42.8,37.3,327.0,1.28,18.5,7.0,32.7,,7.131981929647653,0.1152331919396063,SpatialPred,6.5243532745427215,BayesianBlend,190,5.583,144
117.2708,40.0625,29.556,-11.444,197.0,11.0237,11.43,27.878,1123.9838,29.556,-11.444,41.0,24.052,-3.6427,24.052,-3.6427,546.0,197.0,3.0,136.4979,414.0,11.0,414.0,11.0,4.0,3.0,7.0,15.0,31.0,69.0,197.0,148.0,46.0,16.0,6.0,4.0,-5.556,-2.36,4.348,12.916,18.696,22.976,25.104,24.072,19.028,12.368,3.664,-3.008,0.0,0.0,0.0,87.48,269.576,389.28,468.224,436.232,270.84,73.408,0.0,0.0,1921.632,1995.04,113.0792,5.9822,130.5661,18.6,43.8,37.7,342.0,1.29,18.3,7.1,34.2,,7.129495363562783,0.1152331919396063,SpatialPred,6.511916559045637,BayesianBlend,191,5.281,12
117.3125,40.0625,29.736,-11.324,195.0,11.1985,11.5523,28.1353,1122.2653,29.736,-11.324,41.06,24.2073,-3.4427,24.2073,-3.4427,544.0,195.0,3.0,135.74,411.0,11.0,411.0,11.0,4.0,3.0,7.0,15.0,31.0,69.0,195.0,147.0,47.0,16.0,6.0,4.0,-5.364,-2.148,4.532,13.096,18.868,23.128,25.264,24.224,19.204,12.56,3.856,-2.82,0.0,0.0,0.0,92.88,274.908,393.84,473.184,440.944,276.12,79.36,0.0,0.0,1951.876,2031.236,72.76580000000001,3.7236,185.5309,17.6,47.5,35.0,320.0,1.29,17.9,7.2,32.0,,7.114327052616964,0.1152331919396063,SpatialPred,6.603205546426617,BayesianBlend,192,,0
117.3542,40.0625,29.668,-11.316,194.0,11.1388,11.5703,28.2313,1118.4015,29.668,-11.316,40.984,24.1267,-3.4367,24.1267,-3.4367,545.0,194.0,3.0,135.3565,411.0,11.0,411.0,11.0,4.0,3.0,7.0,15.0,31.0,69.0,194.0,148.0,48.0,16.0,6.0,4.0,-5.34,-2.144,4.44,12.932,18.728,23.032,25.188,24.164,19.132,12.496,3.848,-2.828,0.0,0.0,0.0,87.96,270.568,390.96,470.828,439.084,273.96,77.376,0.0,0.0,1933.36,2010.736,109.1923,8.6334,186.4959,17.0,50.7,32.3,261.0,1.3,17.3,7.3,26.1,,7.1002603551076975,0.1152331919396063,SpatialPred,6.45322932411561,BayesianBlend,193,,0
117.3958,40.0625,29.792,-11.208,194.0,11.2488,11.5283,28.1179,1120.4598,29.792,-11.208,41.0,24.2627,-3.3533,24.2627,-3.3533,551.0,194.0,3.0,134.3973,414.0,11.0,414.0,11.0,4.0,3.0,7.0,16.0,32.0,70.0,194.0,150.0,48.0,17.0,6.0,4.0,-5.264,-2.04,4.544,13.036,18.856,23.132,25.32,24.332,19.244,12.616,3.96,-2.748,0.0,0.0,0.0,91.08,274.536,393.96,474.92,444.292,277.32,81.096,0.0,0.0,1956.108,2037.204,94.2474,6.7742,180.2711,16.1,52.3,31.6,222.0,1.29,16.9,7.5,22.2,,7.076289100415112,0.1152331919396063,SpatialPred,6.698558080952549,BayesianBlend,194,,0
117.4375,40.0625,29.644,-11.324,193.0,11.1545,11.3937,27.8111,1121.6649,29.644,-11.324,40.968,24.174,-3.478,24.174,-3.478,549.0,193.0,3.0,134.4151,413.0,11.0,413.0,11.0,4.0,3.0,7.0,16.0,32.0,70.0,193.0,150.0,47.0,17.0,6.0,4.0,-5.416,-2.216,4.408,12.904,18.728,23.008,25.232,24.284,19.196,12.58,3.948,-2.8,0.0,0.0,0.0,87.12,270.568,390.24,472.192,442.804,275.88,79.98,0.0,0.0,1938.804,2018.784,92.2587,6.2481,174.5265,15.7,52.1,32.3,226.0,1.29,17.5,7.4,22.6,,7.071373787197804,0.1152331919396063,SpatialPred,6.392210500582357,BayesianBlend,195,,0
117.4792,40.0625,29.548,-11.372,191.0,11.1768,11.1523,27.254,1124.2885,29.548,-11.372,40.92,24.2027,-3.524,24.2027,-3.524,555.0,191.0,4.0,131.1335,410.0,14.0,410.0,14.0,5.0,4.0,8.0,17.0,32.0,69.0,191.0,150.0,48.0,19.0,7.0,5.0,-5.504,-2.34,4.36,12.892,18.716,22.992,25.248,24.368,19.3,12.712,4.104,-2.708,0.0,0.0,0.0,86.76,270.196,389.76,472.688,445.408,279.0,84.072,0.0,0.0,1943.812,2027.884,59.2722,4.2007,138.6246,15.9,51.9,32.2,230.0,1.3,17.8,7.3,23.0,,7.03767469591746,0.1152331919396063,SpatialPred,6.907084171272649,BayesianBlend,196,,0
117.5208,40.0625,29.58,-11.536,188.0,11.168,11.0367,26.8428,1131.3463,29.58,-11.536,41.116,24.2687,-3.6347,24.2687,-3.6347,544.0,188.0,4.0,132.3439,404.0,13.0,404.0,13.0,4.0,4.0,7.0,17.0,32.0,67.0,188.0,149.0,47.0,18.0,6.0,5.0,-5.68,-2.484,4.28,12.876,18.708,23.044,25.328,24.456,19.384,12.74,4.128,-2.732,0.0,0.0,0.0,86.28,269.948,391.32,475.168,448.136,281.52,84.94,0.0,0.0,1952.372,2037.312,46.08650000000003,3.3389000000000006,77.0634,16.2,51.1,32.7,235.0,1.3,17.5,7.2,23.5,,7.044452195553418,0.1152331919396063,SpatialPred,6.5388749768259,BayesianBlend,197,,0
116.8125,40.0208,30.476,-11.228,206.0,11.6422,12.0397,28.8693,1128.6366,30.476,-11.228,41.704,24.7567,-3.0267,24.7567,-3.0267,541.0,206.0,3.0,140.1139,415.0,13.0,415.0,13.0,5.0,3.0,7.0,12.0,29.0,68.0,206.0,141.0,44.0,16.0,5.0,5.0,-4.996,-1.52,5.2,13.784,19.488,23.92,25.82,24.528,19.504,12.716,3.844,-2.5600000000000005,0.0,0.0,0.0,113.52,294.128,417.6,490.42,450.368,285.12,84.196,0.0,0.0,2051.156,2135.352,32.036299999999954,1.1433999999999995,240.3235,24.3,40.0,35.7,171.0,1.35,20.6,7.8,17.1,7.359921455383301,7.269049447332589,0.03,Xiao2024,7.359921455383301,Xiao2024,198,,0
116.8542,40.0208,30.356,-11.356,205.0,11.5905,12.0803,28.9613,1125.4701,30.356,-11.356,41.712,24.67,-3.038,24.67,-3.038,538.0,205.0,3.0,140.2481,412.0,13.0,412.0,13.0,5.0,3.0,7.0,12.0,29.0,66.0,205.0,141.0,44.0,16.0,5.0,5.0,-5.036,-1.4999999999999998,5.148,13.692,19.38,23.836,25.744,24.432,19.44,12.704,3.82,-2.58,0.0,0.0,0.0,110.76,290.78,415.08,488.064,447.392,283.2,83.824,0.0,0.0,2035.2759,2119.0999,30.781999999999982,1.0530000000000008,84.7229,24.0,37.6,38.4,156.0,1.35,18.3,7.9,15.6,6.909527778625488,7.274351366229135,0.03,Xiao2024,6.909527778625488,Xiao2024,199,,0
116.8958,40.0208,30.3,-11.404,204.0,11.561,12.0647,28.9293,1123.9137,30.3,-11.404,41.704,24.6307,-3.044,24.6307,-3.044,532.0,204.0,3.0,141.8059,411.0,11.0,411.0,11.0,4.0,3.0,6.0,12.0,28.0,66.0,204.0,141.0,44.0,15.0,5.0,4.0,-5.052,-1.4999999999999998,5.1,13.6,19.304,23.784,25.72,24.4,19.404,12.724,3.8,-2.596,0.0,0.0,0.0,108.0,288.424,413.52,487.32,446.4,282.12,84.444,0.0,0.0,2025.784,2110.228,29.095,0.9360999999999996,170.4529,23.9,37.6,38.5,152.0,1.35,18.3,7.9,15.199999999999998,7.282819747924805,7.262897392693238,0.03,Xiao2024,7.282819747924805,Xiao2024,200,5.633,1371
116.9375,40.0208,30.26,-11.408,203.0,11.5563,12.0373,28.8887,1124.3628,30.26,-11.408,41.668,24.6273,-3.0513,24.6273,-3.0513,532.0,203.0,3.0,141.259,410.0,11.0,410.0,11.0,4.0,3.0,6.0,12.0,29.0,66.0,203.0,141.0,44.0,15.0,5.0,4.0,-5.068,-1.4999999999999998,5.1,13.6,19.3,23.764,25.7,24.4,19.412,12.736,3.8,-2.6,0.0,0.0,0.0,108.0,288.3,412.92,486.7,446.4,282.36,84.816,0.0,0.0,2024.68,2109.496,28.63820000000001,0.9121000000000006,342.3832,23.6,38.1,38.3,149.0,1.35,18.6,7.9,14.9,7.44196081161499,7.258227371133302,0.03,Xiao2024,7.44196081161499,Xiao2024,201,5.668,4180
116.9792,40.0208,30.28,-11.316,202.0,11.5858,11.9437,28.7135,1126.6184,30.28,-11.316,41.596,24.68,-3.0527,24.68,-3.0527,534.0,202.0,3.0,140.0978,410.0,11.0,410.0,11.0,4.0,3.0,7.0,13.0,29.0,67.0,202.0,141.0,44.0,15.0,5.0,4.0,-5.096,-1.512,5.1,13.6,19.36,23.796,25.748,24.5,19.492,12.744,3.808,-2.588,0.0,0.0,0.0,108.0,290.16,413.88,488.188,449.5,284.76,85.064,0.0,0.0,2034.4879,2119.552,26.575199999999995,0.8625000000000007,99.65449999999998,22.7,39.5,37.8,143.0,1.35,19.6,7.9,14.3,7.44196081161499,7.238145104554093,0.03,Xiao2024,7.44196081161499,Xiao2024,202,5.616,2960
117.0208,40.0208,30.284,-11.276,200.0,11.5767,11.8427,28.4953,1128.4346,30.284,-11.276,41.56,24.696,-3.088,24.696,-3.088,531.0,200.0,3.0,139.8109,407.0,11.0,407.0,11.0,4.0,3.0,7.0,13.0,29.0,66.0,200.0,141.0,44.0,15.0,5.0,4.0,-5.084,-1.596,5.08,13.6,19.328,23.76,25.764,24.536,19.508,12.752,3.844,-2.58,0.0,0.0,0.0,108.0,289.168,412.8,488.684,450.616,285.24,85.312,0.0,0.0,2034.5079,2119.8199,24.416800000000023,0.8747000000000007,173.5091,21.6,41.3,37.1,152.0,1.34,19.1,7.7,15.199999999999998,,7.220532873235378,0.1152331919396063,SpatialPred,6.348395085478204,BayesianBlend,203,6.024,2453
117.0625,40.0208,30.372,-11.136,199.0,11.636,11.766,28.3463,1129.2468,30.372,-11.136,41.508,24.772,-3.0280000000000005,24.772,-3.0280000000000005,534.0,199.0,3.0,138.5091,407.0,13.0,407.0,13.0,5.0,3.0,7.0,14.0,29.0,66.0,199.0,142.0,44.0,15.0,5.0,5.0,-5.02,-1.544,5.084,13.62,19.396,23.812,25.844,24.652,19.584,12.804,3.904,-2.528,0.0,0.0,0.0,108.6,291.276,414.36,491.164,454.212,287.52,86.924,0.0,0.0,2047.132,2134.056,20.758199999999988,1.1287000000000005,142.7837,21.4,41.5,37.1,204.0,1.33,19.1,7.6,20.4,7.4463276863098145,7.234495667765041,0.03,Xiao2024,7.4463276863098145,Xiao2024,204,6.008,2080
117.1042,40.0208,30.152,-11.288,199.0,11.454,11.7293,28.3044,1128.0129,30.152,-11.288,41.44,24.5647,-3.2107,24.5647,-3.2107,547.0,199.0,4.0,135.0244,410.0,16.0,410.0,16.0,6.0,4.0,8.0,15.0,30.0,67.0,199.0,144.0,45.0,17.0,6.0,6.0,-5.192,-1.752,4.9,13.432,19.216,23.6,25.648,24.456,19.392,12.66,3.792,-2.692,0.0,0.0,0.0,102.96,285.696,408.0,485.088,448.136,281.76,82.46,0.0,0.0,2011.64,2094.1,56.24340000000001,4.4537,225.1557,21.4,40.6,38.1,254.0,1.32,19.4,7.5,25.4,7.336267471313477,7.213457072836456,0.03,Xiao2024,7.336267471313477,Xiao2024,205,5.993,374
117.1458,40.0208,29.752,-11.652,199.0,11.1143,11.76,28.4031,1125.6383,29.752,-11.652,41.404,24.1847,-3.5407,24.1847,-3.5407,559.0,199.0,4.0,132.2839,414.0,16.0,414.0,16.0,6.0,4.0,9.0,17.0,31.0,69.0,199.0,146.0,46.0,19.0,7.0,6.0,-5.52,-2.124,4.572,13.076,18.868,23.24,25.244,24.06,19.028,12.364,3.52,-2.984,0.0,0.0,0.0,92.28,274.908,397.2,472.564,435.86,270.84,73.284,0.0,0.0,1943.652,2016.936,124.0857,8.0066,193.2538,21.7,39.4,38.9,254.0,1.32,20.1,7.4,25.4,,7.167683384124078,0.1152331919396063,SpatialPred,6.288877838531207,BayesianBlend,206,5.983,130
117.1875,40.0208,29.58,-11.708,199.0,11.0072,11.7457,28.4481,1123.4065,29.58,-11.708,41.288,24.0487,-3.6267,24.0487,-3.6267,554.0,199.0,4.0,134.5089,415.0,14.0,415.0,14.0,5.0,4.0,8.0,16.0,31.0,69.0,199.0,147.0,47.0,17.0,6.0,5.0,-5.6,-2.228,4.436,12.944,18.74,23.124,25.092,23.936,18.92,12.288,3.484,-3.048,0.0,0.0,0.0,88.32,270.94,393.72,467.852,432.016,267.6,70.928,0.0,0.0,1920.4481,1991.3761,142.4906,9.6185,176.6523,22.1,39.3,38.7,266.0,1.31,20.5,7.4,26.6,,7.177376794662215,0.1152331919396063,SpatialPred,6.567988990568807,BayesianBlend,207,5.59,360
117.2292,40.0208,29.836,-11.528,198.0,11.1922,11.7077,28.304,1125.9381,29.836,-11.528,41.364,24.2747,-3.466,24.2747,-3.466,548.0,198.0,3.0,135.9117,414.0,13.0,414.0,13.0,5.0,3.0,7.0,15.0,31.0,69.0,198.0,147.0,46.0,16.0,6.0,5.0,-5.432,-2.088,4.572,13.104,18.88,23.276,25.34,24.208,19.164,12.472,3.696,-2.856,0.0,0.0,0.0,93.12,275.28,398.28,475.54,440.448,274.92,76.632,0.0,0.0,1957.588,2034.22,96.6082,5.9401,175.7691,22.2,40.0,37.8,284.0,1.31,20.6,7.4,28.4,7.223561286926269,7.191155222422115,0.03,Xiao2024,7.223561286926269,Xiao2024,208,5.57,693
117.2708,40.0208,30.068,-11.528,197.0,11.322,11.784,28.3296,1129.2788,30.068,-11.528,41.596,24.456,-3.3733,24.456,-3.3733,544.0,197.0,3.0,136.3595,412.0,11.0,412.0,11.0,4.0,3.0,7.0,15.0,31.0,69.0,197.0,146.0,46.0,16.0,6.0,4.0,-5.34,-2.0,4.68,13.208,18.996,23.416,25.532,24.424,19.336,12.576,3.808,-2.76,0.0,0.0,0.0,96.24,278.876,402.48,481.492,447.144,280.08,79.856,0.0,0.0,1986.312,2066.168,64.719,3.4992,166.8474,21.3,42.8,36.0,245.0,1.32,19.8,7.5,24.5,,7.153868975258524,0.1152331919396063,SpatialPred,6.433316464684109,BayesianBlend,209,5.507,113
117.3125,40.0208,30.148,-11.46,195.0,11.4355,11.821,28.4104,1128.749,30.148,-11.46,41.608,24.556,-3.2647,24.556,-3.2647,542.0,195.0,3.0,135.9088,410.0,11.0,410.0,11.0,4.0,3.0,7.0,15.0,31.0,69.0,195.0,146.0,46.0,16.0,6.0,4.0,-5.244,-1.884,4.792,13.308,19.112,23.524,25.644,24.512,19.46,12.712,3.944,-2.668,0.0,0.0,0.0,99.24,282.472,405.72,484.964,449.872,283.8,84.072,0.0,0.0,2006.068,2090.14,34.46909999999997,2.0271,135.0886,19.4,46.1,34.5,195.0,1.32,18.2,7.5,19.5,6.914383888244629,7.135141109066756,0.03,Xiao2024,6.914383888244629,Xiao2024,210,,0
117.3542,40.0208,30.212,-11.212,195.0,11.538,11.674,28.1817,1127.9617,30.212,-11.212,41.424,24.652,-3.1447,24.652,-3.1447,543.0,195.0,3.0,135.9809,411.0,11.0,411.0,11.0,4.0,3.0,7.0,15.0,31.0,69.0,195.0,147.0,46.0,16.0,6.0,4.0,-5.112,-1.768,4.856,13.372,19.196,23.588,25.728,24.648,19.58,12.84,4.084,-2.5600000000000005,0.0,0.0,0.0,101.16,285.076,407.64,487.568,454.088,287.4,88.04,0.0,0.0,2022.9321,2110.9721,18.8981,0.8826,148.4944,18.9,45.8,35.3,180.0,1.32,17.6,7.6,18.0,6.914383888244629,7.132823552733814,0.03,Xiao2024,6.914383888244629,Xiao2024,211,,0
117.3958,40.0208,30.292,-11.116,196.0,11.6015,11.625,28.0743,1130.2388,30.292,-11.116,41.408,24.7447,-3.11,24.7447,-3.11,552.0,196.0,4.0,134.9803,416.0,12.0,416.0,12.0,4.0,4.0,7.0,16.0,31.0,70.0,196.0,150.0,47.0,17.0,6.0,4.0,-5.056,-1.72,4.88,13.416,19.268,23.628,25.812,24.768,19.664,12.912,4.176,-2.528,0.0,0.0,0.0,102.48,287.308,408.84,490.1719,457.808,289.92,90.272,0.0,0.0,2036.5279,2126.7999,15.32220000000001,0.9132999999999996,187.8749,18.6,46.3,35.2,224.0,1.29,17.9,7.5,22.4,,7.108709876275781,0.1152331919396063,SpatialPred,6.580856025500504,BayesianBlend,212,,0
117.4375,40.0208,30.112,-11.28,193.0,11.4662,11.5823,27.9821,1129.9403,30.112,-11.28,41.392,24.598,-3.2573,24.598,-3.2573,548.0,193.0,4.0,134.4945,412.0,12.0,412.0,12.0,4.0,4.0,7.0,16.0,31.0,69.0,193.0,150.0,47.0,17.0,6.0,4.0,-5.236,-1.904,4.748,13.256,19.124,23.48,25.668,24.652,19.528,12.82,4.104,-2.624,0.0,0.0,0.0,97.68,282.844,404.4,485.708,454.212,285.84,87.42,0.0,0.0,2010.684,2098.104,38.04310000000001,3.4024,311.3014,17.5,50.0,32.5,248.0,1.3,17.1,7.4,24.8,7.162817001342773,7.085085852283584,0.03,Xiao2024,7.162817001342773,Xiao2024,213,,0
117.4792,40.0208,29.824,-11.344,191.0,11.357,11.2967,27.4404,1128.907,29.824,-11.344,41.168,24.452,-3.3833,24.452,-3.3833,545.0,191.0,3.0,134.5781,409.0,11.0,409.0,11.0,4.0,3.0,7.0,16.0,32.0,67.0,191.0,151.0,47.0,17.0,6.0,4.0,-5.396,-2.144,4.556,13.084,18.956,23.296,25.488,24.56,19.488,12.836,4.172,-2.632,0.0,0.0,0.0,92.52,277.636,398.88,480.128,451.36,284.64,87.916,0.0,0.0,1985.164,2073.08,43.5052,3.4772,7.572500000000019,17.7,49.8,32.5,253.0,1.3,16.3,7.4,25.3,6.824182987213135,7.065597299884049,0.03,Xiao2024,6.824182987213135,Xiao2024,214,,0
117.5208,40.0208,29.648,-11.416,189.0,11.2475,11.043,26.8922,1130.6145,29.648,-11.416,41.064,24.3513,-3.5293,24.3513,-3.5293,539.0,189.0,3.0,135.3126,406.0,11.0,406.0,11.0,4.0,3.0,6.0,16.0,31.0,66.0,189.0,151.0,47.0,16.0,6.0,4.0,-5.56,-2.36,4.36,12.936,18.788,23.136,25.388,24.52,19.46,12.788,4.18,-2.66,0.0,0.0,0.0,88.08,272.428,394.08,477.028,450.12,283.8,86.428,0.0,0.0,1965.536,2051.9641,26.549000000000007,1.2103000000000002,334.127,18.3,47.6,34.1,254.0,1.3,16.3,7.5,25.4,6.824182987213135,7.078690813530844,0.03,Xiao2024,6.824182987213135,Xiao2024,215,,0
116.8125,39.9792,30.652,-10.82,210.0,11.7773,11.834,28.5349,1128.0308,30.652,-10.82,41.472,24.9067,-2.856,24.9067,-2.856,546.0,210.0,3.0,141.1021,420.0,13.0,420.0,13.0,5.0,3.0,7.0,12.0,29.0,68.0,210.0,142.0,44.0,16.0,5.0,5.0,-4.808,-1.3879999999999997,5.224,13.816,19.564,24.072,25.976,24.668,19.684,12.884,3.996,-2.372,0.0,0.0,0.0,114.48,296.484,422.16,495.256,454.708,290.52,89.404,0.0,0.0,2073.6081,2163.0121,281.2074171296296,9.483056481481482,199.6726009259259,25.7,36.1,38.2,153.0,1.35,17.7,7.9,15.3,7.532186508178711,7.290928911650371,0.03,Xiao2024,7.532186508178711,Xiao2024,216,,0
116.8542,39.9792,30.54,-11.032,208.0,11.6968,11.9643,28.7798,1126.1799,30.54,-11.032,41.572,24.8047,-2.92,24.8047,-2.92,543.0,208.0,3.0,140.8143,417.0,13.0,417.0,13.0,5.0,3.0,7.0,12.0,29.0,67.0,208.0,142.0,44.0,16.0,5.0,5.0,-4.888,-1.4359999999999995,5.2,13.716,19.456,24.0,25.88,24.544,19.576,12.852,3.932,-2.448,0.0,0.0,0.0,111.48,293.136,420.0,492.28,450.864,287.28,88.412,0.0,0.0,2055.04,2143.452,281.2074171296296,9.483056481481482,199.6726009259259,25.7,36.1,38.2,146.0,1.35,17.7,7.9,14.6,,7.29070222141297,0.1152331919396063,SpatialPred,6.612798133132825,BayesianBlend,217,,0
116.8958,39.9792,30.456,-11.128,207.0,11.6557,11.9667,28.7771,1125.1035,30.456,-11.128,41.584,24.76,-2.9493,24.76,-2.9493,537.0,207.0,3.0,141.8979,415.0,12.0,415.0,12.0,4.0,3.0,6.0,12.0,29.0,67.0,207.0,141.0,43.0,15.0,5.0,5.0,-4.932,-1.4519999999999995,5.132,13.644,19.392,23.944,25.844,24.48,19.52,12.84,3.892,-2.476,0.0,0.0,0.0,109.32,291.152,418.32,491.164,448.88,285.6,88.04,0.0,0.0,2044.436,2132.476,281.2074171296296,9.483056481481482,199.6726009259259,25.2,38.1,36.6,138.0,1.35,18.3,7.9,13.8,7.386111736297607,7.288199470593616,0.03,Xiao2024,7.386111736297607,Xiao2024,218,,0
116.9375,39.9792,30.428,-11.188,205.0,11.632,11.9333,28.6749,1125.8311,30.428,-11.188,41.616,24.7407,-2.984,24.7407,-2.984,536.0,205.0,3.0,141.2346,414.0,12.0,414.0,12.0,4.0,3.0,6.0,12.0,29.0,68.0,205.0,141.0,43.0,15.0,5.0,5.0,-4.964,-1.492,5.104,13.604,19.312,23.904,25.832,24.496,19.536,12.84,3.876,-2.5,0.0,0.0,0.0,108.12,288.6719,417.12,490.792,449.376,286.08,88.04,0.0,0.0,2040.1599,2128.1999,281.2074171296296,9.483056481481482,199.6726009259259,24.3,42.2,33.5,130.0,1.35,19.5,7.9,13.0,7.347795009613037,7.266785869274087,0.03,Xiao2024,7.347795009613037,Xiao2024,219,,0
116.9792,39.9792,30.364,-11.264,205.0,11.6122,11.911,28.613,1126.3434,30.364,-11.264,41.628,24.726,-3.01,24.726,-3.01,538.0,205.0,3.0,140.9192,415.0,12.0,415.0,12.0,4.0,3.0,6.0,13.0,29.0,68.0,205.0,142.0,43.0,15.0,5.0,5.0,-5.004,-1.4999999999999998,5.1,13.6,19.3,23.844,25.8,24.492,19.512,12.808,3.888,-2.5,0.0,0.0,0.0,108.0,288.3,415.32,489.8,449.252,285.36,87.048,0.0,0.0,2036.032,2123.08,281.2074171296296,9.483056481481482,199.6726009259259,23.3,41.1,35.6,124.0,1.35,19.2,7.9,12.4,7.347795009613037,7.265443918729925,0.03,Xiao2024,7.347795009613037,Xiao2024,220,,0
117.0208,39.9792,30.34,-11.224,204.0,11.6208,11.867,28.5511,1126.2867,30.34,-11.224,41.564,24.726,-3.0067,24.726,-3.0067,538.0,204.0,3.0,140.4239,414.0,12.0,414.0,12.0,4.0,3.0,6.0,13.0,29.0,68.0,204.0,142.0,44.0,15.0,5.0,5.0,-5.0,-1.4999999999999998,5.1,13.6,19.304,23.808,25.812,24.516,19.564,12.824,3.904,-2.5,0.0,0.0,0.0,108.0,288.424,414.24,490.172,449.996,286.92,87.544,0.0,0.0,2037.752,2125.296,281.2074171296296,9.483056481481482,199.6726009259259,22.5,40.1,37.4,131.0,1.35,19.1,7.9,13.1,7.29920768737793,7.263022576606232,0.03,Xiao2024,7.29920768737793,Xiao2024,221,,0
117.0625,39.9792,30.46,-11.076,204.0,11.6978,11.7917,28.389,1128.6086,30.46,-11.076,41.536,24.8373,-2.9533000000000005,24.8373,-2.9533000000000005,545.0,204.0,3.0,138.7067,416.0,13.0,416.0,13.0,5.0,3.0,7.0,14.0,29.0,68.0,204.0,144.0,44.0,16.0,6.0,5.0,-4.96,-1.476,5.124,13.628,19.404,23.932,25.924,24.664,19.664,12.924,3.984,-2.432,0.0,0.0,0.0,108.84,291.524,417.96,493.644,454.584,289.92,90.644,0.0,0.0,2056.4719,2147.1159,281.2074171296296,9.483056481481482,199.6726009259259,22.0,39.1,38.9,171.0,1.34,19.4,7.8,17.1,,7.242721690192323,0.1152331919396063,SpatialPred,6.496412408726253,BayesianBlend,222,,0
117.1042,39.9792,30.388,-11.224,201.0,11.63,11.8153,28.3941,1128.7262,30.388,-11.224,41.612,24.7713,-3.0353,24.7713,-3.0353,538.0,201.0,3.0,138.8527,411.0,12.0,411.0,12.0,4.0,3.0,7.0,14.0,29.0,67.0,201.0,143.0,44.0,15.0,6.0,5.0,-5.032,-1.5799999999999998,5.06,13.548,19.304,23.848,25.86,24.624,19.604,12.884,3.944,-2.492,0.0,0.0,0.0,106.44,288.424,415.44,491.66,453.344,288.12,89.404,0.0,0.0,2043.4279,2132.8319,281.2074171296296,9.483056481481482,199.6726009259259,22.4,37.5,40.0,240.0,1.33,21.0,7.5,24.0,7.058560848236084,7.2406604775665135,0.03,Xiao2024,7.058560848236084,Xiao2024,223,,0
117.1458,39.9792,30.236,-11.468,200.0,11.511,11.878,28.4817,1128.9976,30.236,-11.468,41.704,24.6433,-3.1733,24.6433,-3.1733,540.0,200.0,3.0,138.117,412.0,13.0,412.0,13.0,5.0,3.0,7.0,14.0,29.0,68.0,200.0,144.0,44.0,15.0,6.0,5.0,-5.192,-1.724,4.972,13.436,19.192,23.728,25.728,24.484,19.488,12.796,3.864,-2.6,0.0,0.0,0.0,103.08,284.952,411.84,487.568,449.004,284.64,86.676,0.0,0.0,2021.0841,2107.7601,281.2074171296296,9.483056481481482,199.6726009259259,22.8,37.7,39.6,221.0,1.33,21.2,7.6,22.1,7.483186721801758,7.247688601340234,0.03,Xiao2024,7.483186721801758,Xiao2024,224,,0
117.1875,39.9792,30.2,-11.596,199.0,11.4787,11.9613,28.6184,1130.7739,30.2,-11.596,41.796,24.6193,-3.238,24.6193,-3.238,545.0,199.0,3.0,136.5421,413.0,13.0,413.0,13.0,5.0,3.0,7.0,15.0,30.0,69.0,199.0,145.0,45.0,16.0,6.0,5.0,-5.284,-1.788,4.924,13.4,19.196,23.724,25.7,24.4,19.432,12.776,3.808,-2.668,0.0,0.0,0.0,102.0,285.076,411.72,486.7,446.4,282.96,86.056,0.0,0.0,2014.856,2100.912,281.2074171296296,9.483056481481482,199.6726009259259,22.4,38.2,39.4,190.0,1.34,20.8,7.7,19.0,,7.226561906716098,0.1152331919396063,SpatialPred,6.3527016869165545,BayesianBlend,225,,0
117.2292,39.9792,30.216,-11.616,198.0,11.4557,11.9267,28.5109,1132.212,30.216,-11.616,41.832,24.6247,-3.2707,24.6247,-3.2707,541.0,198.0,3.0,137.6667,412.0,11.0,412.0,11.0,4.0,3.0,6.0,15.0,30.0,68.0,198.0,146.0,45.0,16.0,6.0,4.0,-5.3,-1.82,4.86,13.368,19.152,23.692,25.708,24.476,19.476,12.72,3.808,-2.7,0.0,0.0,0.0,101.04,283.712,410.76,486.948,448.756,284.28,84.32,0.0,0.0,2015.496,2099.8161,281.2074171296296,9.483056481481482,199.6726009259259,21.8,39.9,38.3,159.0,1.34,20.4,7.7,15.9,7.227905750274658,7.1937318583455,0.03,Xiao2024,7.227905750274658,Xiao2024,226,,0
117.2708,39.9792,30.224,-11.66,198.0,11.4347,11.9147,28.4468,1132.5115,30.224,-11.66,41.884,24.618,-3.2967,24.618,-3.2967,543.0,198.0,3.0,137.5563,414.0,11.0,414.0,11.0,4.0,3.0,6.0,15.0,30.0,69.0,198.0,147.0,45.0,16.0,6.0,4.0,-5.3,-1.86,4.84,13.316,19.072,23.628,25.712,24.512,19.48,12.684,3.828,-2.7,0.0,0.0,0.0,99.48,281.232,408.84,487.072,449.872,284.4,83.204,0.0,0.0,2010.896,2094.1,281.2074171296296,9.483056481481482,199.6726009259259,20.8,41.5,37.7,138.0,1.34,19.3,7.7,13.8,7.25010871887207,7.18240861839429,0.03,Xiao2024,7.25010871887207,Xiao2024,227,,0
117.3125,39.9792,30.2,-11.692,196.0,11.4468,11.9437,28.5106,1132.5508,30.2,-11.692,41.892,24.6247,-3.2987,24.6247,-3.2987,540.0,196.0,3.0,136.9675,410.0,11.0,410.0,11.0,4.0,3.0,6.0,15.0,30.0,68.0,196.0,146.0,46.0,16.0,6.0,4.0,-5.3,-1.876,4.876,13.336,19.104,23.62,25.7,24.512,19.476,12.7,3.892,-2.7,0.0,0.0,0.0,100.08,282.224,408.6,486.7,449.872,284.28,83.7,0.0,0.0,2011.756,2095.456,281.2074171296296,9.483056481481482,199.6726009259259,20.8,40.9,38.3,132.0,1.34,18.6,7.7,13.2,6.85228443145752,7.178586355076186,0.03,Xiao2024,6.85228443145752,Xiao2024,228,,0
117.3542,39.9792,30.188,-11.6,195.0,11.4363,11.83,28.3096,1133.8381,30.188,-11.6,41.788,24.6373,-3.31,24.6373,-3.31,543.0,195.0,3.0,136.346,412.0,11.0,412.0,11.0,4.0,3.0,7.0,15.0,30.0,69.0,195.0,148.0,46.0,16.0,6.0,4.0,-5.3,-1.9,4.792,13.3,19.1,23.6,25.7,24.588,19.5,12.712,3.9,-2.72,0.0,0.0,0.0,99.0,282.1,408.0,486.7,452.228,285.0,84.072,0.0,0.0,2013.0281,2097.1001,281.2074171296296,9.483056481481482,199.6726009259259,21.8,40.3,37.9,123.0,1.34,17.9,7.7,12.3,7.199138164520264,7.166996471927957,0.03,Xiao2024,7.199138164520264,Xiao2024,229,,0
117.3958,39.9792,30.2,-11.572,195.0,11.44,11.7873,28.2183,1134.2594,30.2,-11.572,41.772,24.6467,-3.3127,24.6467,-3.3127,549.0,195.0,3.0,135.4632,415.0,11.0,415.0,11.0,4.0,3.0,7.0,16.0,31.0,70.0,195.0,150.0,47.0,16.0,6.0,4.0,-5.3,-1.896,4.74,13.284,19.1,23.584,25.776,24.628,19.5,12.776,3.904,-2.752,0.0,0.0,0.0,98.52,282.1,407.52,489.056,453.468,285.0,86.056,0.0,0.0,2015.664,2101.72,281.2074171296296,9.483056481481482,199.6726009259259,22.2,42.0,35.8,121.0,1.34,17.1,7.8,12.1,,7.146464849726819,0.1152331919396063,SpatialPred,6.201546613458215,BayesianBlend,230,,0
117.4375,39.9792,30.204,-11.576,194.0,11.4565,11.8443,28.3493,1133.207,30.204,-11.576,41.78,24.6453,-3.2973,24.6453,-3.2973,550.0,194.0,3.0,134.9973,415.0,11.0,415.0,11.0,4.0,3.0,7.0,16.0,31.0,70.0,194.0,151.0,47.0,17.0,6.0,4.0,-5.3,-1.856,4.8,13.292,19.104,23.584,25.752,24.612,19.5,12.796,3.948,-2.72,0.0,0.0,0.0,98.76,282.224,407.52,488.312,452.972,285.0,86.676,0.0,0.0,2014.788,2101.464,281.2074171296296,9.483056481481482,199.6726009259259,20.9,44.1,35.1,127.0,1.34,17.4,7.7,12.7,7.438040733337402,7.128724234715104,0.03,Xiao2024,7.438040733337402,Xiao2024,231,,0
117.4792,39.9792,30.036,-11.556,194.0,11.3777,11.7953,28.3596,1128.65,30.036,-11.556,41.592,24.508,-3.324,24.508,-3.324,556.0,194.0,4.0,133.7064,417.0,12.0,417.0,12.0,4.0,4.0,7.0,17.0,32.0,71.0,194.0,152.0,48.0,17.0,6.0,4.0,-5.296,-1.916,4.736,13.172,19.004,23.44,25.604,24.5,19.404,12.7,3.94,-2.772,0.0,0.0,0.0,95.16,279.124,403.2,483.724,449.5,282.12,83.7,0.0,0.0,1992.828,2076.528,281.2074171296296,9.483056481481482,199.6726009259259,19.8,45.4,34.9,132.0,1.33,17.9,7.6,13.2,6.824182987213135,7.110159689823415,0.03,Xiao2024,6.824182987213135,Xiao2024,232,,0
117.5208,39.9792,29.748,-11.592,194.0,11.1572,11.683,28.2608,1123.9354,29.748,-11.592,41.34,24.2427,-3.4793,24.2427,-3.4793,557.0,194.0,4.0,134.0431,418.0,12.0,418.0,12.0,4.0,4.0,7.0,17.0,32.0,70.0,194.0,154.0,48.0,17.0,6.0,4.0,-5.424,-2.136,4.488,12.9,18.736,23.116,25.324,24.288,19.164,12.484,3.816,-2.892,0.0,0.0,0.0,87.0,270.816,393.48,475.044,442.928,274.92,77.004,0.0,0.0,1944.1879,2021.1919,281.2074171296296,9.483056481481482,199.6726009259259,18.7,46.7,34.6,139.0,1.33,18.4,7.6,13.9,,7.1009150613334615,0.1152331919396063,SpatialPred,6.372106115089399,BayesianBlend,233,,0
