lon,lat,extreme_Tmax_proxy,extreme_Tmin_proxy,extreme_Prec_proxy,bio1,bio2,bio3,bio4,bio5,bio6,bio7,bio8,bio9,bio10,bio11,bio12,bio13,bio14,bio15,bio16,bio17,bio18,bio19,prec_01,prec_02,prec_03,prec_04,prec_05,prec_06,prec_07,prec_08,prec_09,prec_10,prec_11,prec_12,tavg_01,tavg_02,tavg_03,tavg_04,tavg_05,tavg_06,tavg_07,tavg_08,tavg_09,tavg_10,tavg_11,tavg_12,GDD_01,GDD_02,GDD_03,GDD_04,GDD_05,GDD_06,GDD_07,GDD_08,GDD_09,GDD_10,GDD_11,GDD_12,GDD_gs,GDD_annual,elevation_m,slope_deg,aspect_deg,clay_pct,sand_pct,silt_pct,soc_dgkg,bdod_kgdm3,cec_cmolkg,ph,nitrogen_cgkg
116.8125,40.4792,29.9000,-12.1400,173.0000,10.8857,12.0273,28.6093,1138.0612,29.9000,-12.1400,42.0400,24.0847,-3.9440,24.0847,-3.9440,500.0000,173.0000,3.0000,132.0100,373.0000,9.0000,373.0000,9.0000,3.0000,3.0000,6.0000,13.0000,31.0000,67.0000,173.0000,133.0000,46.0000,17.0000,5.0000,3.0000,-5.9520,-2.5480,4.1520,12.8960,18.8640,23.2040,25.1760,23.8920,18.8000,12.1120,3.3840,-3.3400,0.0000,0.0000,0.0000,86.8800,274.7840,396.1200,470.4560,430.6520,264.0000,65.4720,0.0000,0.0000,1922.8920,1988.3640,130.2152,5.0958,169.9657,18.2000,46.4000,35.4000,315.0000,1.2700,16.4000,7.4000,31.5000
116.8542,40.4792,29.7480,-12.1600,173.0000,10.7570,11.7460,28.0281,1137.9406,29.7480,-12.1600,41.9080,23.9740,-4.0673,23.9740,-4.0673,499.0000,173.0000,2.0000,132.4166,373.0000,8.0000,373.0000,8.0000,3.0000,3.0000,6.0000,13.0000,31.0000,67.0000,173.0000,133.0000,46.0000,17.0000,5.0000,2.0000,-6.1000,-2.8200,3.8400,12.6640,18.6440,23.0080,25.0760,23.8280,18.7120,12.0760,3.4200,-3.2600,0.0000,0.0000,0.0000,79.9200,267.9640,390.2400,467.3560,428.6680,261.3600,64.3560,0.0000,0.0000,1895.5079,1959.8639,141.4041,4.2236,309.9554,17.2000,46.2000,36.7000,400.0000,1.2600,15.6000,7.6000,40.0000
116.8958,40.4792,29.5320,-12.4800,172.0000,10.5952,11.6503,27.7310,1142.2222,29.5320,-12.4800,42.0120,23.8373,-4.3160,23.8373,-4.3160,497.0000,172.0000,3.0000,132.4724,372.0000,9.0000,372.0000,9.0000,3.0000,3.0000,6.0000,13.0000,30.0000,67.0000,172.0000,133.0000,46.0000,17.0000,4.0000,3.0000,-6.4160,-3.0720,3.6560,12.5040,18.5000,22.8600,24.9360,23.7160,18.6160,11.9840,3.3360,-3.4840,0.0000,0.0000,0.0000,75.1200,263.5000,385.8000,463.0160,425.1960,258.4800,61.5040,0.0000,0.0000,1871.1120,1932.6160,159.8916,4.0690,349.5354,16.9000,46.1000,37.1000,427.0000,1.2500,15.4000,7.7000,42.7000
116.9375,40.4792,29.3680,-12.4640,173.0000,10.5953,11.2407,26.8710,1139.3049,29.3680,-12.4640,41.8320,23.7987,-4.2880,23.7987,-4.2880,498.0000,173.0000,3.0000,132.6764,373.0000,10.0000,373.0000,10.0000,4.0000,3.0000,6.0000,12.0000,30.0000,67.0000,173.0000,133.0000,46.0000,17.0000,4.0000,3.0000,-6.5320,-3.3600,3.3360,12.2560,18.2760,22.7360,24.8880,23.7800,18.7680,12.2160,3.7480,-2.9680,0.0000,0.0000,0.0000,67.6800,256.5560,382.0800,461.5280,427.1800,263.0400,68.6960,0.0000,0.0000,1858.0640,1926.7600,149.7801,1.4686,7.1605,16.9000,46.1000,37.1000,427.0000,1.2500,15.4000,7.7000,42.7000
116.9792,40.4792,29.2840,-12.5000,173.0000,10.5080,11.0907,26.5429,1141.3696,29.2840,-12.5000,41.7840,23.7427,-4.3953,23.7427,-4.3953,497.0000,173.0000,3.0000,132.8418,372.0000,10.0000,372.0000,10.0000,4.0000,3.0000,6.0000,12.0000,30.0000,66.0000,173.0000,133.0000,46.0000,17.0000,4.0000,3.0000,-6.6560,-3.5480,3.1400,12.1240,18.1320,22.6120,24.8280,23.7840,18.7240,12.1920,3.7440,-2.9800,0.0000,0.0000,0.0000,63.7200,252.0920,378.3600,459.6680,427.3040,261.7200,67.9520,0.0000,0.0000,1842.8640,1910.8160,144.2614,1.2808,1.1727,17.8000,47.4000,34.8000,188.0000,1.2800,17.2000,7.5000,18.8000
117.0208,40.4792,29.2760,-12.7480,173.0000,10.3113,11.5940,27.5890,1146.5775,29.2760,-12.7480,42.0240,23.5940,-4.6607,23.5940,-4.6607,502.0000,173.0000,3.0000,132.3284,376.0000,9.0000,376.0000,9.0000,3.0000,3.0000,6.0000,13.0000,30.0000,68.0000,173.0000,135.0000,46.0000,17.0000,5.0000,3.0000,-6.7520,-3.4200,3.3600,12.2280,18.2400,22.5920,24.6800,23.5120,18.3680,11.7120,2.9920,-3.8280,0.0000,0.0000,0.0000,66.8400,255.4400,377.7600,455.0800,418.8720,251.0400,53.0720,0.0000,0.0000,1825.0321,1878.1041,191.1269,5.3865,310.6451,17.6000,48.4000,34.1000,229.0000,1.2700,17.1000,7.4000,22.9000
117.0625,40.4792,28.2200,-13.6720,175.0000,9.1227,11.7300,28.0006,1141.1210,28.2200,-13.6720,41.8920,22.3940,-5.7260,22.3940,-5.7260,520.0000,175.0000,3.0000,130.1192,386.0000,9.0000,386.0000,9.0000,3.0000,3.0000,7.0000,15.0000,33.0000,72.0000,175.0000,139.0000,48.0000,17.0000,5.0000,3.0000,-7.6040,-4.3880,2.3120,11.0160,17.0720,21.4080,23.5200,22.2480,17.0560,10.4320,1.6040,-5.1840,0.0000,0.0000,0.0000,30.4800,219.2320,342.2400,419.1200,379.6880,211.6800,13.3920,0.0000,0.0000,1602.4400,1615.8320,481.1073,14.8240,321.5866,17.4000,49.2000,33.4000,271.0000,1.2700,17.0000,7.2000,27.1000
117.1042,40.4792,27.4360,-14.3280,176.0000,8.3010,11.6460,27.8853,1138.1520,27.4360,-14.3280,41.7640,21.5667,-6.4873,21.5667,-6.4873,535.0000,176.0000,3.0000,127.3511,392.0000,10.0000,392.0000,10.0000,3.0000,4.0000,8.0000,16.0000,35.0000,75.0000,176.0000,141.0000,50.0000,18.0000,6.0000,3.0000,-8.2920,-5.1800,1.4680,10.0760,16.1880,20.5440,22.7360,21.4160,16.2280,9.6440,0.7840,-5.9880,0.0000,0.0000,0.0000,2.2800,191.8280,316.3200,394.8160,353.8960,186.8400,0.0000,0.0000,0.0000,1445.9800,1445.9800,661.3172,16.7688,11.8918,17.9000,48.7000,33.4000,334.0000,1.2500,17.7000,7.2000,33.4000
117.1458,40.4792,28.6080,-13.4520,176.0000,9.4968,11.7563,27.9513,1147.7700,28.6080,-13.4520,42.0600,22.8000,-5.4813,22.8000,-5.4813,517.0000,176.0000,3.0000,131.3286,385.0000,9.0000,385.0000,9.0000,3.0000,3.0000,7.0000,14.0000,33.0000,70.0000,176.0000,139.0000,48.0000,16.0000,5.0000,3.0000,-7.3840,-4.0520,2.7720,11.5320,17.5200,21.7840,23.9240,22.6880,17.4640,10.8040,1.8880,-4.9960,0.0000,0.0000,0.0000,45.9600,233.1200,353.5200,431.6440,393.3280,223.9200,24.9240,0.0000,0.0000,1681.4920,1706.4160,361.0580,11.6235,57.4113,17.9000,47.9000,34.1000,393.0000,1.2400,18.4000,7.2000,39.3000
117.1875,40.4792,28.4640,-13.6800,175.0000,9.3433,11.9460,28.3457,1144.2346,28.4640,-13.6800,42.1440,22.6173,-5.5813,22.6173,-5.5813,518.0000,175.0000,3.0000,130.1688,384.0000,9.0000,384.0000,9.0000,3.0000,3.0000,7.0000,15.0000,33.0000,71.0000,175.0000,138.0000,48.0000,17.0000,5.0000,3.0000,-7.4880,-4.1360,2.6640,11.3440,17.3640,21.6200,23.7520,22.4880,17.2480,10.6200,1.7320,-5.1320,0.0000,0.0000,0.0000,40.3200,228.2840,348.6000,426.3120,387.1280,217.4400,19.2200,0.0000,0.0000,1648.0840,1667.3040,408.5502,16.2890,285.8439,17.2000,48.1000,34.7000,438.0000,1.2300,18.6000,7.1000,43.8000
117.2292,40.4792,27.8760,-14.1360,176.0000,8.7615,11.9370,28.4133,1138.6194,27.8760,-14.1360,42.0120,22.0033,-6.0647,22.0033,-6.0647,527.0000,176.0000,3.0000,128.9445,388.0000,9.0000,388.0000,9.0000,3.0000,3.0000,7.0000,16.0000,35.0000,72.0000,176.0000,140.0000,49.0000,17.0000,6.0000,3.0000,-7.9200,-4.6800,2.0280,10.6560,16.6960,20.9880,23.1440,21.8640,16.6480,10.0960,1.2120,-5.6000,0.0000,0.0000,0.0000,19.6800,207.5760,329.6400,407.4640,367.7840,199.4400,2.9760,0.0000,0.0000,1531.5840,1534.5600,547.9673,18.3855,2.1661,16.9000,48.9000,34.2000,498.0000,1.2200,18.8000,6.9000,49.8000
117.2708,40.4792,27.4920,-14.4160,176.0000,8.4195,11.9150,28.4313,1135.7495,27.4920,-14.4160,41.9080,21.6473,-6.3607,21.6473,-6.3607,530.0000,176.0000,3.0000,129.0013,391.0000,9.0000,391.0000,9.0000,3.0000,3.0000,7.0000,16.0000,35.0000,73.0000,176.0000,142.0000,49.0000,17.0000,6.0000,3.0000,-8.1800,-5.0200,1.6280,10.2680,16.2800,20.5960,22.7920,21.5400,16.2960,9.8000,0.9240,-5.8680,0.0000,0.0000,0.0000,8.0400,194.6800,317.8800,396.5520,357.7400,188.8800,0.0000,0.0000,0.0000,1463.7720,1463.7720,586.7532,19.2601,292.7640,17.0000,50.3000,32.7000,486.0000,1.2200,18.7000,7.0000,48.6000
117.3125,40.4792,27.1520,-14.7480,177.0000,8.0727,11.9913,28.6189,1133.5852,27.1520,-14.7480,41.9000,21.2920,-6.6653,21.2920,-6.6653,539.0000,177.0000,2.0000,127.5504,395.0000,9.0000,395.0000,9.0000,3.0000,4.0000,8.0000,17.0000,36.0000,75.0000,177.0000,143.0000,50.0000,18.0000,6.0000,2.0000,-8.4520,-5.3520,1.2360,9.8600,15.8720,20.2320,22.4280,21.2160,15.9200,9.4560,0.6120,-6.1760,0.0000,0.0000,0.0000,0.0000,182.0320,306.9600,385.2680,347.6960,177.6000,0.0000,0.0000,0.0000,1399.5560,1399.5560,656.5859,20.2454,197.5704,16.8000,50.2000,33.0000,469.0000,1.2200,18.4000,7.0000,46.9000
117.3542,40.4792,26.8320,-15.0840,176.0000,7.7432,12.0390,28.7217,1131.8383,26.8320,-15.0840,41.9160,20.9560,-6.9627,20.9560,-6.9627,543.0000,176.0000,2.0000,126.7173,397.0000,9.0000,397.0000,9.0000,3.0000,4.0000,8.0000,17.0000,37.0000,77.0000,176.0000,144.0000,51.0000,18.0000,6.0000,2.0000,-8.7480,-5.6720,0.8920,9.5160,15.5040,19.8840,22.1040,20.8680,15.5960,9.1320,0.3120,-6.4800,0.0000,0.0000,0.0000,0.0000,170.6240,296.5200,375.2240,336.9080,167.8800,0.0000,0.0000,0.0000,1347.1560,1347.1560,725.1072,18.6727,182.8898,16.8000,48.3000,34.9000,552.0000,1.1900,18.4000,6.9000,55.2000
117.3958,40.4792,26.3800,-15.4760,178.0000,7.3147,12.0027,28.6761,1130.4495,26.3800,-15.4760,41.8560,20.5207,-7.3613,20.5207,-7.3613,550.0000,178.0000,2.0000,126.3378,401.0000,9.0000,401.0000,9.0000,3.0000,4.0000,8.0000,18.0000,38.0000,78.0000,178.0000,145.0000,52.0000,18.0000,6.0000,2.0000,-9.1200,-6.0960,0.4280,9.0280,15.0560,19.4520,21.6760,20.4480,15.1720,8.7120,-0.1040,-6.8640,0.0000,0.0000,0.0000,0.0000,156.7360,283.5600,361.9560,323.8880,155.1600,0.0000,0.0000,0.0000,1281.3000,1281.3000,814.3152,17.9278,222.2276,16.9000,45.3000,37.8000,645.0000,1.1600,18.9000,6.8000,64.5000
117.4375,40.4792,26.0920,-15.8160,177.0000,7.0208,12.0877,28.8433,1128.6892,26.0920,-15.8160,41.9080,20.2187,-7.6213,20.2187,-7.6213,557.0000,177.0000,2.0000,124.5878,403.0000,9.0000,403.0000,9.0000,3.0000,4.0000,9.0000,19.0000,39.0000,80.0000,177.0000,146.0000,53.0000,19.0000,6.0000,2.0000,-9.4000,-6.3200,0.1400,8.7120,14.7640,19.1720,21.3680,20.1240,14.8520,8.3880,-0.3800,-7.1520,0.0000,0.0000,0.0000,0.0000,147.6840,275.1600,352.4080,313.8440,145.5600,0.0000,0.0000,0.0000,1234.6560,1234.6560,898.1281,18.0813,147.7653,17.0000,44.6000,38.4000,577.0000,1.1700,19.4000,6.8000,57.7000
117.4792,40.4792,26.8840,-15.5680,177.0000,7.7137,12.3993,29.2079,1138.2036,26.8840,-15.5680,42.4520,20.9767,-7.0953,20.9767,-7.0953,549.0000,177.0000,3.0000,125.8819,399.0000,10.0000,399.0000,10.0000,3.0000,4.0000,8.0000,18.0000,38.0000,77.0000,177.0000,145.0000,52.0000,18.0000,6.0000,3.0000,-8.9800,-5.6240,0.9640,9.5560,15.6320,19.9680,22.1160,20.8560,15.5520,9.0080,0.2040,-6.6680,0.0000,0.0000,0.0000,0.0000,174.5920,299.0400,375.5960,336.5360,166.5600,0.0000,0.0000,0.0000,1352.3240,1352.3240,748.6290,15.8023,115.5467,17.1000,44.9000,38.0000,472.0000,1.2100,19.5000,6.9000,47.2000
117.5208,40.4792,27.1560,-15.5760,176.0000,7.9367,12.5167,29.2911,1145.3605,27.1560,-15.5760,42.7320,21.2560,-6.9853,21.2560,-6.9853,545.0000,176.0000,3.0000,126.1263,396.0000,10.0000,396.0000,10.0000,3.0000,4.0000,8.0000,18.0000,38.0000,75.0000,176.0000,145.0000,51.0000,18.0000,6.0000,3.0000,-8.9320,-5.4160,1.2560,9.8760,15.9680,20.2520,22.3720,21.1240,15.8120,9.1840,0.3400,-6.5800,0.0000,0.0000,0.0000,0.0000,185.0080,307.5600,383.5320,344.8440,174.3600,0.0000,0.0000,0.0000,1395.3041,1395.3041,682.4216,9.7808,257.0381,16.9000,46.6000,36.4000,408.0000,1.2200,19.1000,6.9000,40.8000
116.8125,40.4375,30.3160,-12.0560,176.0000,11.1823,12.4167,29.3039,1144.4763,30.3160,-12.0560,42.3720,24.4373,-3.7280,24.4373,-3.7280,504.0000,176.0000,3.0000,132.6527,378.0000,9.0000,378.0000,9.0000,3.0000,3.0000,6.0000,13.0000,31.0000,69.0000,176.0000,133.0000,45.0000,17.0000,5.0000,3.0000,-5.7280,-2.1560,4.6440,13.3720,19.3560,23.6640,25.5000,24.1480,19.0640,12.2320,3.3920,-3.3120,0.0000,0.0000,0.0000,101.1600,290.0360,409.9200,480.5000,438.5880,271.9200,69.1920,0.0000,0.0000,1992.1240,2061.3160,97.4489,3.7482,234.0435,18.0000,47.6000,34.5000,286.0000,1.2900,16.9000,7.7000,28.6000
116.8542,40.4375,30.0920,-12.0800,176.0000,10.9868,12.2317,29.0042,1141.8793,30.0920,-12.0800,42.1720,24.2240,-3.8860,24.2240,-3.8860,506.0000,176.0000,3.0000,132.4902,379.0000,9.0000,379.0000,9.0000,3.0000,3.0000,6.0000,13.0000,31.0000,69.0000,176.0000,134.0000,46.0000,17.0000,5.0000,3.0000,-5.8600,-2.3800,4.3920,13.1240,19.1040,23.4160,25.2960,23.9680,18.8520,12.0920,3.2760,-3.4160,0.0000,0.0000,0.0000,93.7200,282.2240,402.4800,474.1760,433.0080,265.5600,64.8520,0.0000,0.0000,1951.1680,2016.0200,130.7293,5.3975,272.3231,17.9000,47.5000,34.6000,313.0000,1.2800,16.4000,7.7000,31.3000
116.8958,40.4375,29.7760,-12.4120,176.0000,10.7345,12.1770,28.8637,1141.0283,29.7760,-12.4120,42.1880,23.9527,-4.1507,23.9527,-4.1507,506.0000,176.0000,3.0000,132.4902,379.0000,9.0000,379.0000,9.0000,3.0000,3.0000,6.0000,13.0000,31.0000,69.0000,176.0000,134.0000,46.0000,17.0000,5.0000,3.0000,-6.1480,-2.6680,4.1240,12.8560,18.8000,23.1040,25.0360,23.7400,18.6120,11.8960,3.1040,-3.6440,0.0000,0.0000,0.0000,85.6800,272.8000,393.1200,466.1160,425.9400,258.3600,58.7760,0.0000,0.0000,1902.0159,1960.7919,174.1833,7.8252,248.5062,17.6000,47.6000,34.8000,288.0000,1.2900,16.6000,7.5000,28.8000
116.9375,40.4375,29.7920,-12.4560,176.0000,10.7853,12.0107,28.4290,1142.8422,29.7920,-12.4560,42.2480,24.0200,-4.1407,24.0200,-4.1407,502.0000,176.0000,3.0000,133.4656,377.0000,9.0000,377.0000,9.0000,3.0000,3.0000,6.0000,13.0000,30.0000,67.0000,176.0000,134.0000,46.0000,16.0000,5.0000,3.0000,-6.2200,-2.7280,4.0760,12.8280,18.7960,23.1200,25.1080,23.8400,18.7360,12.0360,3.3240,-3.4560,0.0000,0.0000,0.0000,84.8400,272.6760,393.6000,468.3480,429.0400,262.0800,63.1160,0.0000,0.0000,1910.5840,1973.7000,150.7538,5.2020,114.2138,17.2000,47.8000,35.0000,231.0000,1.3000,17.1000,7.2000,23.1000
116.9792,40.4375,29.7760,-12.4480,176.0000,10.7653,11.9420,28.2825,1144.2542,29.7760,-12.4480,42.2240,24.0167,-4.1853,24.0167,-4.1853,503.0000,176.0000,3.0000,133.1124,377.0000,9.0000,377.0000,9.0000,3.0000,3.0000,6.0000,13.0000,30.0000,67.0000,176.0000,134.0000,46.0000,17.0000,5.0000,3.0000,-6.2480,-2.7600,4.0520,12.8240,18.7400,23.0800,25.1040,23.8680,18.7400,12.0560,3.2840,-3.5240,0.0000,0.0000,0.0000,84.7200,270.9400,392.4000,468.2240,429.9080,262.2000,63.7360,0.0000,0.0000,1908.3920,1972.1280,136.8522,5.0945,24.5901,17.9000,50.6000,31.5000,297.0000,1.2700,15.9000,7.4000,29.7000
117.0208,40.4375,29.2720,-12.6920,177.0000,10.2828,11.9817,28.5522,1136.8877,29.2720,-12.6920,41.9640,23.4667,-4.5480,23.4667,-4.5480,512.0000,177.0000,3.0000,132.3438,383.0000,9.0000,383.0000,9.0000,3.0000,3.0000,7.0000,14.0000,31.0000,69.0000,177.0000,137.0000,47.0000,16.0000,5.0000,3.0000,-6.5000,-3.1080,3.6360,12.2760,18.2240,22.5280,24.5480,23.3080,18.1960,11.5280,2.7480,-4.0320,0.0000,0.0000,0.0000,68.2800,254.9440,375.8400,450.9880,412.5480,245.8800,47.3680,0.0000,0.0000,1808.4800,1855.8480,258.2063,10.4464,271.4023,18.2000,49.3000,32.5000,337.0000,1.2600,16.5000,7.3000,33.7000
117.0625,40.4375,28.2880,-13.4560,177.0000,9.2962,12.0010,28.7490,1128.0176,28.2880,-13.4560,41.7440,22.4247,-5.3773,22.4247,-5.3773,524.0000,177.0000,3.0000,130.4331,389.0000,9.0000,389.0000,9.0000,3.0000,3.0000,7.0000,15.0000,33.0000,72.0000,177.0000,140.0000,49.0000,17.0000,5.0000,3.0000,-7.2040,-4.0280,2.5880,11.1560,17.1400,21.4520,23.5560,22.2600,17.1480,10.5800,1.8080,-4.9160,0.0000,0.0000,0.0000,34.6800,221.3400,343.5600,420.2360,380.0600,214.4400,17.9800,0.0000,0.0000,1614.3160,1632.2960,484.9299,15.3447,212.6736,18.7000,46.7000,34.6000,406.0000,1.2400,17.8000,7.3000,40.6000
117.1042,40.4375,27.6200,-14.0040,178.0000,8.6202,11.9290,28.6589,1125.2783,27.6200,-14.0040,41.6240,21.7467,-5.9913,21.7467,-5.9913,535.0000,178.0000,3.0000,128.9454,395.0000,9.0000,395.0000,9.0000,3.0000,3.0000,7.0000,16.0000,35.0000,75.0000,178.0000,142.0000,50.0000,17.0000,6.0000,3.0000,-7.7640,-4.7080,1.8400,10.3680,16.4000,20.7520,22.8960,21.6000,16.4640,9.9520,1.1560,-5.5160,0.0000,0.0000,0.0000,11.0400,198.4000,322.5600,399.7760,359.6000,193.9200,0.0000,0.0000,0.0000,1485.2960,1485.2960,627.1806,18.5834,173.2041,18.4000,46.3000,35.3000,472.0000,1.2300,18.5000,7.1000,47.2000
117.1458,40.4375,28.1720,-13.6000,178.0000,9.1522,11.8150,28.2845,1135.6639,28.1720,-13.6000,41.7720,22.3607,-5.6320,22.3607,-5.6320,526.0000,178.0000,3.0000,130.6961,391.0000,9.0000,391.0000,9.0000,3.0000,3.0000,7.0000,15.0000,34.0000,72.0000,178.0000,141.0000,48.0000,17.0000,5.0000,3.0000,-7.4800,-4.2960,2.3840,11.0080,17.0360,21.3600,23.4880,22.2360,17.0600,10.4800,1.6560,-5.1320,0.0000,0.0000,0.0000,30.2400,218.1160,340.8000,418.1280,379.3160,211.8000,14.8800,0.0000,0.0000,1598.4000,1613.2800,468.5652,18.7618,120.6268,17.6000,49.2000,33.1000,449.0000,1.2400,18.0000,7.1000,44.9000
117.1875,40.4375,28.5960,-13.5200,177.0000,9.5120,11.9627,28.4041,1144.3866,28.5960,-13.5200,42.1160,22.7807,-5.4187,22.7807,-5.4187,520.0000,177.0000,3.0000,130.9449,387.0000,9.0000,387.0000,9.0000,3.0000,3.0000,7.0000,15.0000,33.0000,71.0000,177.0000,139.0000,47.0000,17.0000,5.0000,3.0000,-7.3320,-4.0000,2.8000,11.5040,17.5160,21.7960,23.8920,22.6440,17.4520,10.8280,1.9400,-4.9360,0.0000,0.0000,0.0000,45.1200,232.9960,353.8800,430.6520,391.9640,223.5600,25.6680,0.0000,0.0000,1678.1720,1703.8400,365.8876,10.0000,273.5239,17.3000,51.6000,31.1000,410.0000,1.2500,18.2000,7.1000,41.0000
117.2292,40.4375,27.9880,-14.1480,178.0000,8.8960,12.0840,28.6786,1140.2777,27.9880,-14.1480,42.1360,22.1393,-5.9653,22.1393,-5.9653,529.0000,178.0000,3.0000,129.9873,392.0000,9.0000,392.0000,9.0000,3.0000,3.0000,7.0000,16.0000,34.0000,73.0000,178.0000,141.0000,49.0000,17.0000,5.0000,3.0000,-7.8520,-4.5520,2.1920,10.8560,16.8760,21.1560,23.2640,21.9920,16.7800,10.2080,1.3160,-5.5040,0.0000,0.0000,0.0000,25.6800,213.1560,334.6800,411.1840,371.7520,203.4000,6.4480,0.0000,0.0000,1559.8520,1566.3000,509.5931,13.2803,197.7437,16.9000,54.5000,28.6000,368.0000,1.2600,18.6000,7.2000,36.8000
117.2708,40.4375,27.5160,-14.4480,178.0000,8.4670,11.9840,28.5578,1136.5992,27.5160,-14.4480,41.9640,21.6893,-6.3320,21.6893,-6.3320,534.0000,178.0000,3.0000,129.3889,395.0000,10.0000,395.0000,10.0000,3.0000,4.0000,7.0000,16.0000,35.0000,74.0000,178.0000,143.0000,49.0000,17.0000,5.0000,3.0000,-8.1760,-4.9840,1.7160,10.3560,16.3600,20.6880,22.8120,21.5840,16.3360,9.8440,0.9440,-5.8520,0.0000,0.0000,0.0000,10.6800,197.1600,320.6400,397.1720,359.1040,190.0800,0.0000,0.0000,0.0000,1474.8360,1474.8360,586.1139,13.6901,235.7486,17.0000,53.2000,29.8000,424.0000,1.2500,18.7000,7.0000,42.4000
117.3125,40.4375,27.2160,-14.7160,178.0000,8.1513,11.9693,28.5446,1136.1128,27.2160,-14.7160,41.9320,21.3860,-6.6307,21.3860,-6.6307,542.0000,178.0000,3.0000,127.4915,397.0000,10.0000,397.0000,10.0000,3.0000,4.0000,8.0000,17.0000,36.0000,75.0000,178.0000,144.0000,50.0000,18.0000,6.0000,3.0000,-8.4440,-5.3080,1.3520,9.9920,16.0080,20.3440,22.5200,21.2800,16.0160,9.5320,0.6560,-6.1320,0.0000,0.0000,0.0000,0.0000,186.2480,310.3200,388.1200,349.6800,180.4800,0.0000,0.0000,0.0000,1414.8480,1414.8480,650.7236,16.8456,191.5985,17.3000,48.8000,33.8000,515.0000,1.2300,18.9000,6.9000,51.5000
117.3542,40.4375,27.0520,-14.9040,178.0000,7.9913,12.0247,28.6602,1135.0405,27.0520,-14.9040,41.9560,21.2173,-6.7753,21.2173,-6.7753,546.0000,178.0000,3.0000,126.9943,399.0000,10.0000,399.0000,10.0000,3.0000,4.0000,8.0000,17.0000,37.0000,76.0000,178.0000,145.0000,51.0000,18.0000,6.0000,3.0000,-8.5960,-5.4680,1.1840,9.8200,15.8120,20.1560,22.3560,21.1320,15.8520,9.3840,0.5160,-6.2760,0.0000,0.0000,0.0000,0.0000,180.1720,304.6800,383.0360,345.0920,175.5600,0.0000,0.0000,0.0000,1388.5400,1388.5400,675.7443,15.6039,203.2578,17.5000,44.6000,37.9000,556.0000,1.2100,19.4000,6.9000,55.6000
117.3958,40.4375,26.8400,-15.1320,178.0000,7.7780,12.0367,28.6778,1133.7048,26.8400,-15.1320,41.9720,20.9953,-6.9667,20.9953,-6.9667,549.0000,178.0000,3.0000,126.5706,400.0000,10.0000,400.0000,10.0000,3.0000,4.0000,8.0000,18.0000,37.0000,76.0000,178.0000,146.0000,52.0000,18.0000,6.0000,3.0000,-8.8000,-5.6600,0.9520,9.5760,15.5760,19.9440,22.1320,20.9040,15.6480,9.1680,0.3400,-6.4720,0.0000,0.0000,0.0000,0.0000,172.8560,298.3200,376.0920,338.0240,169.4400,0.0000,0.0000,0.0000,1354.7320,1354.7320,723.3631,15.8822,241.9779,17.2000,43.4000,39.4000,488.0000,1.2000,19.8000,6.9000,48.8000
117.4375,40.4375,26.7280,-15.3960,179.0000,7.6302,12.1410,28.8220,1135.2128,26.7280,-15.3960,42.1240,20.8627,-7.1360,20.8627,-7.1360,552.0000,179.0000,3.0000,126.4026,402.0000,10.0000,402.0000,10.0000,3.0000,4.0000,8.0000,18.0000,38.0000,77.0000,179.0000,146.0000,52.0000,18.0000,6.0000,3.0000,-8.9680,-5.7720,0.8400,9.4320,15.4640,19.8400,22.0120,20.7520,15.4960,8.9840,0.1720,-6.6520,0.0000,0.0000,0.0000,0.0000,169.3840,295.2000,372.3720,333.3120,164.8800,0.0000,0.0000,0.0000,1335.1481,1335.1481,756.6558,15.8533,106.9214,17.0000,44.8000,38.3000,437.0000,1.2100,19.5000,6.9000,43.7000
117.4792,40.4375,27.1720,-15.3800,178.0000,7.9932,12.3843,29.1040,1143.3978,27.1720,-15.3800,42.5520,21.2980,-6.8993,21.2980,-6.8993,548.0000,178.0000,3.0000,126.7775,400.0000,10.0000,400.0000,10.0000,3.0000,4.0000,8.0000,18.0000,37.0000,76.0000,178.0000,146.0000,51.0000,18.0000,6.0000,3.0000,-8.8200,-5.4160,1.2760,9.9080,15.9800,20.3080,22.4360,21.1720,15.8640,9.2640,0.4240,-6.4680,0.0000,0.0000,0.0000,0.0000,185.3800,309.2400,385.5160,346.3320,175.9200,0.0000,0.0000,0.0000,1402.3880,1402.3880,679.3477,12.6313,117.3683,16.8000,46.5000,36.8000,428.0000,1.2200,18.9000,6.9000,42.8000
117.5208,40.4375,27.4400,-15.3640,177.0000,8.1792,12.4123,28.9981,1151.6807,27.4400,-15.3640,42.8040,21.5587,-6.8360,21.5587,-6.8360,545.0000,177.0000,3.0000,126.5905,397.0000,10.0000,397.0000,10.0000,3.0000,4.0000,8.0000,18.0000,37.0000,75.0000,177.0000,145.0000,51.0000,18.0000,6.0000,3.0000,-8.8200,-5.2840,1.4840,10.1640,16.2640,20.5680,22.6880,21.4320,16.0960,9.4240,0.5600,-6.4080,0.0000,0.0000,0.0000,4.9200,194.1840,317.0400,393.3280,354.3920,182.8800,0.0000,0.0000,0.0000,1446.7441,1446.7441,597.4711,6.2451,191.5217,16.3000,48.3000,35.4000,397.0000,1.2300,18.8000,7.1000,39.7000
116.8125,40.3958,30.6840,-11.8520,180.0000,11.4320,12.4773,29.3336,1148.6390,30.6840,-11.8520,42.5360,24.7613,-3.5173,24.7613,-3.5173,515.0000,180.0000,3.0000,132.4299,386.0000,10.0000,386.0000,10.0000,4.0000,3.0000,7.0000,13.0000,31.0000,71.0000,180.0000,135.0000,46.0000,17.0000,5.0000,3.0000,-5.5280,-1.8760,4.9440,13.6120,19.6040,23.9920,25.8280,24.4560,19.3520,12.4080,3.5400,-3.1640,0.0000,0.0000,0.0000,108.3600,297.7240,419.7600,490.6680,448.1360,280.5600,74.6480,0.0000,0.0000,2045.2080,2119.8560,84.1848,1.9683,211.8414,18.5000,48.0000,33.5000,211.0000,1.3100,17.5000,7.6000,21.1000
116.8542,40.3958,30.5880,-11.8880,182.0000,11.2880,12.2993,28.9560,1149.6427,30.5880,-11.8880,42.4760,24.6380,-3.6693,24.6380,-3.6693,516.0000,182.0000,3.0000,133.5242,388.0000,9.0000,388.0000,9.0000,3.0000,3.0000,7.0000,13.0000,31.0000,70.0000,182.0000,136.0000,46.0000,17.0000,5.0000,3.0000,-5.6480,-2.0920,4.7200,13.4400,19.4360,23.8160,25.7400,24.3800,19.1960,12.3080,3.4360,-3.2680,0.0000,0.0000,0.0000,103.2000,292.5160,414.4800,487.9400,445.7800,275.8800,71.5480,0.0000,0.0000,2019.7960,2091.3440,102.3397,4.2804,199.2376,17.7000,47.9000,34.4000,218.0000,1.3100,17.3000,7.4000,21.8000
116.8958,40.3958,30.2800,-12.2240,180.0000,11.1032,12.3683,29.0992,1148.6379,30.2800,-12.2240,42.5040,24.4047,-3.8773,24.4047,-3.8773,510.0000,180.0000,3.0000,133.8673,384.0000,9.0000,384.0000,9.0000,3.0000,3.0000,6.0000,13.0000,31.0000,69.0000,180.0000,135.0000,46.0000,16.0000,5.0000,3.0000,-5.9000,-2.2960,4.5880,13.3200,19.2920,23.5920,25.4800,24.1440,18.9880,12.1800,3.2920,-3.4480,0.0000,0.0000,0.0000,99.6000,288.0520,407.7600,479.8800,438.4640,269.6400,67.5800,0.0000,0.0000,1983.3961,2050.9761,102.3005,3.5898,189.8554,17.4000,48.2000,34.5000,208.0000,1.3100,17.0000,7.3000,20.8000
116.9375,40.3958,30.1400,-12.3920,179.0000,11.0102,12.3263,28.9813,1149.4021,30.1400,-12.3920,42.5320,24.3040,-3.9980,24.3040,-3.9980,507.0000,179.0000,3.0000,133.7997,382.0000,9.0000,382.0000,9.0000,3.0000,3.0000,6.0000,13.0000,31.0000,69.0000,179.0000,134.0000,45.0000,16.0000,5.0000,3.0000,-6.0320,-2.3920,4.5000,13.2560,19.1960,23.4840,25.3680,24.0480,18.9120,12.1120,3.2320,-3.5480,0.0000,0.0000,0.0000,97.6800,285.0760,404.5200,476.4080,435.4880,267.3600,65.4720,0.0000,0.0000,1966.5320,2032.0040,100.7406,2.5580,231.2360,18.3000,50.1000,31.6000,200.0000,1.3100,16.7000,7.7000,20.0000
116.9792,40.3958,29.9000,-12.5040,179.0000,10.8178,12.2510,28.8911,1145.9270,29.9000,-12.5040,42.4040,24.0807,-4.1427,24.0807,-4.1427,508.0000,179.0000,3.0000,133.7316,382.0000,9.0000,382.0000,9.0000,3.0000,3.0000,6.0000,14.0000,30.0000,68.0000,179.0000,135.0000,46.0000,16.0000,5.0000,3.0000,-6.1800,-2.5520,4.2960,13.0080,18.9240,23.2200,25.1480,23.8640,18.7240,11.9480,3.0960,-3.7040,0.0000,0.0000,0.0000,90.2400,276.6440,396.6000,469.5880,429.7840,261.7200,60.3880,0.0000,0.0000,1924.5760,1984.9640,144.0788,6.6307,240.8987,18.1000,49.2000,32.6000,237.0000,1.2900,17.4000,7.7000,23.7000
117.0208,40.3958,29.6640,-12.4920,179.0000,10.6605,12.1723,28.8745,1138.9702,29.6640,-12.4920,42.1560,23.8527,-4.2073,23.8527,-4.2073,511.0000,179.0000,3.0000,133.5933,384.0000,9.0000,384.0000,9.0000,3.0000,3.0000,6.0000,14.0000,31.0000,68.0000,179.0000,137.0000,46.0000,16.0000,5.0000,3.0000,-6.2080,-2.6680,4.0920,12.7600,18.6600,22.9440,24.9280,23.6880,18.5440,11.8520,3.0520,-3.7480,0.0000,0.0000,0.0000,82.8000,268.4600,388.3200,462.7680,424.3280,256.3200,57.4120,0.0000,0.0000,1882.9960,1940.4080,192.3978,8.7822,216.0364,17.9000,48.0000,34.0000,297.0000,1.2700,18.2000,7.5000,29.7000
117.0625,40.3958,29.2640,-12.7360,179.0000,10.2898,12.1363,28.8960,1135.1270,29.2640,-12.7360,42.0000,23.4540,-4.5173,23.4540,-4.5173,517.0000,179.0000,3.0000,132.6859,387.0000,9.0000,387.0000,9.0000,3.0000,3.0000,7.0000,14.0000,32.0000,69.0000,179.0000,139.0000,47.0000,16.0000,5.0000,3.0000,-6.4480,-3.0560,3.6760,12.3320,18.2560,22.5320,24.5360,23.2960,18.1720,11.5080,2.7280,-4.0480,0.0000,0.0000,0.0000,69.9600,255.9360,375.9600,450.6160,412.1760,245.1600,46.7480,0.0000,0.0000,1809.8079,1856.5559,264.9114,10.3569,231.7725,17.8000,47.1000,35.1000,392.0000,1.2500,18.2000,7.3000,39.2000
117.1042,40.3958,29.1120,-12.8840,179.0000,10.1375,12.1837,29.0115,1135.2584,29.1120,-12.8840,41.9960,23.3020,-4.6673,23.3020,-4.6673,519.0000,179.0000,3.0000,132.6163,389.0000,9.0000,389.0000,9.0000,3.0000,3.0000,7.0000,14.0000,32.0000,70.0000,179.0000,140.0000,47.0000,16.0000,5.0000,3.0000,-6.5680,-3.2200,3.5200,12.1840,18.1040,22.3600,24.3880,23.1600,18.0120,11.3560,2.5600,-4.2200,0.0000,0.0000,0.0000,65.5200,251.2240,370.8000,446.0280,407.9600,240.3600,42.0360,0.0000,0.0000,1781.8921,1823.9281,285.2692,8.2776,186.4872,17.3000,48.5000,34.2000,385.0000,1.2400,17.9000,7.2000,38.5000
117.1458,40.3958,28.7080,-13.2720,180.0000,9.6970,12.0993,28.8217,1136.6714,28.7080,-13.2720,41.9800,22.8913,-5.1213,22.8913,-5.1213,524.0000,180.0000,3.0000,132.0614,391.0000,9.0000,391.0000,9.0000,3.0000,3.0000,7.0000,15.0000,33.0000,70.0000,180.0000,141.0000,48.0000,16.0000,5.0000,3.0000,-7.0040,-3.7040,3.0480,11.6840,17.6680,21.9400,24.0000,22.7480,17.5720,10.9600,2.1360,-4.6680,0.0000,0.0000,0.0000,50.5200,237.7080,358.2000,434.0000,395.1880,227.1600,29.7600,0.0000,0.0000,1702.7760,1732.5360,373.0901,10.6921,308.1293,17.0000,49.6000,33.4000,337.0000,1.2600,18.8000,7.3000,33.7000
117.1875,40.3958,28.0280,-13.9120,180.0000,8.9650,11.9460,28.4835,1138.3073,28.0280,-13.9120,41.9400,22.1960,-5.8620,22.1960,-5.8620,531.0000,180.0000,3.0000,130.6644,394.0000,9.0000,394.0000,9.0000,3.0000,3.0000,7.0000,16.0000,34.0000,72.0000,180.0000,142.0000,49.0000,17.0000,5.0000,3.0000,-7.7200,-4.5000,2.2480,10.8680,16.9160,21.2320,23.3160,22.0360,16.8640,10.2720,1.4240,-5.3800,0.0000,0.0000,0.0000,26.0400,214.3960,336.9600,412.7960,373.1160,205.9200,8.4320,0.0000,0.0000,1569.2280,1577.6600,530.0196,17.0545,352.6855,17.1000,48.9000,33.9000,390.0000,1.2500,19.8000,7.1000,39.0000
117.2292,40.3958,27.8920,-14.1240,179.0000,8.8165,11.8457,28.1932,1144.0361,27.8920,-14.1240,42.0160,22.0940,-6.1027,22.0940,-6.1027,531.0000,179.0000,3.0000,130.1708,393.0000,9.0000,393.0000,9.0000,3.0000,3.0000,7.0000,16.0000,35.0000,72.0000,179.0000,142.0000,49.0000,17.0000,5.0000,3.0000,-7.9960,-4.7240,2.0880,10.7800,16.8080,21.1000,23.2080,21.9560,16.7520,10.1640,1.2240,-5.6080,0.0000,0.0000,0.0000,23.4000,211.0480,333.0000,409.4480,370.6360,202.5600,5.0840,0.0000,0.0000,1550.0920,1555.1760,511.7768,14.8213,350.9627,18.2000,44.8000,37.0000,438.0000,1.2400,20.6000,6.9000,43.8000
117.2708,40.3958,27.7640,-14.2800,179.0000,8.6933,11.8333,28.1451,1145.5592,27.7640,-14.2800,42.0440,21.9893,-6.2507,21.9893,-6.2507,533.0000,179.0000,3.0000,130.1217,395.0000,9.0000,395.0000,9.0000,3.0000,3.0000,7.0000,16.0000,35.0000,73.0000,179.0000,143.0000,49.0000,17.0000,5.0000,3.0000,-8.1640,-4.8720,1.9440,10.6880,16.6720,20.9920,23.1040,21.8920,16.6240,10.0600,1.1160,-5.7240,0.0000,0.0000,0.0000,20.6400,206.8320,329.7600,406.2240,368.6520,198.7200,1.8600,0.0000,0.0000,1530.8281,1532.6881,511.9940,14.8553,5.0661,18.5000,42.6000,38.9000,404.0000,1.2300,20.1000,6.9000,40.4000
117.3125,40.3958,27.5720,-14.4520,179.0000,8.5123,11.8633,28.2299,1143.5499,27.5720,-14.4520,42.0240,21.7973,-6.3980,21.7973,-6.3980,534.0000,179.0000,3.0000,129.9815,396.0000,9.0000,396.0000,9.0000,3.0000,3.0000,7.0000,16.0000,35.0000,74.0000,179.0000,143.0000,49.0000,17.0000,5.0000,3.0000,-8.2720,-5.0440,1.7360,10.4640,16.4520,20.7680,22.9160,21.7040,16.4360,9.8840,0.9720,-5.8640,0.0000,0.0000,0.0000,13.9200,200.0120,323.0400,400.3960,362.8240,193.0800,0.0000,0.0000,0.0000,1493.2720,1493.2720,547.7368,16.2037,332.8807,17.8000,43.1000,39.1000,393.0000,1.2300,19.2000,7.0000,39.3000
117.3542,40.3958,27.4000,-14.6640,179.0000,8.3563,11.9413,28.3885,1142.5370,27.4000,-14.6640,42.0640,21.6293,-6.5440,21.6293,-6.5440,540.0000,179.0000,3.0000,128.4901,397.0000,10.0000,397.0000,10.0000,3.0000,4.0000,8.0000,16.0000,36.0000,74.0000,179.0000,144.0000,50.0000,17.0000,6.0000,3.0000,-8.4160,-5.1920,1.5880,10.2960,16.2840,20.6040,22.7440,21.5400,16.2800,9.7360,0.8440,-6.0080,0.0000,0.0000,0.0000,8.8800,194.8040,318.1200,395.0640,357.7400,188.4000,0.0000,0.0000,0.0000,1463.0080,1463.0080,578.0615,14.8663,333.2406,17.4000,44.5000,38.2000,392.0000,1.2200,19.2000,6.9000,39.2000
117.3958,40.3958,27.2040,-14.8800,179.0000,8.1612,11.9890,28.4883,1140.4814,27.2040,-14.8800,42.0840,21.4193,-6.7047,21.4193,-6.7047,544.0000,179.0000,3.0000,128.0406,399.0000,10.0000,399.0000,10.0000,3.0000,4.0000,8.0000,17.0000,36.0000,74.0000,179.0000,146.0000,50.0000,18.0000,6.0000,3.0000,-8.5880,-5.3560,1.3840,10.0640,16.0640,20.3760,22.5360,21.3320,16.0840,9.5440,0.6680,-6.1880,0.0000,0.0000,0.0000,1.9200,187.9840,311.2800,388.6160,351.2920,182.5200,0.0000,0.0000,0.0000,1423.6120,1423.6120,627.9910,14.1020,312.3624,17.2000,45.4000,37.4000,426.0000,1.2200,19.6000,6.8000,42.6000
117.4375,40.3958,26.9840,-15.1600,179.0000,7.9093,12.0787,28.6605,1139.1652,26.9840,-15.1600,42.1440,21.1633,-6.9293,21.1633,-6.9293,550.0000,179.0000,3.0000,126.7342,401.0000,10.0000,401.0000,10.0000,3.0000,4.0000,8.0000,18.0000,38.0000,76.0000,179.0000,146.0000,51.0000,18.0000,6.0000,3.0000,-8.8000,-5.5560,1.1440,9.7760,15.8120,20.1280,22.2920,21.0760,15.7960,9.2720,0.4200,-6.4480,0.0000,0.0000,0.0000,0.0000,180.1720,303.8400,381.0520,343.3560,173.8800,0.0000,0.0000,0.0000,1382.3000,1382.3000,692.8530,12.9286,358.8555,16.8000,45.7000,37.5000,457.0000,1.2300,19.3000,6.7000,45.7000
117.4792,40.3958,27.0280,-15.2960,179.0000,7.8712,12.1230,28.6433,1143.3611,27.0280,-15.2960,42.3240,21.1767,-7.0207,21.1767,-7.0207,551.0000,179.0000,3.0000,126.6090,402.0000,10.0000,402.0000,10.0000,3.0000,4.0000,8.0000,18.0000,38.0000,77.0000,179.0000,146.0000,51.0000,18.0000,6.0000,3.0000,-8.9200,-5.6080,1.1040,9.7400,15.8160,20.1240,22.3160,21.0880,15.7840,9.1920,0.3560,-6.5280,0.0000,0.0000,0.0000,0.0000,180.2960,303.7200,381.7960,343.7280,173.5200,0.0000,0.0000,0.0000,1383.0600,1383.0600,696.9902,10.3590,10.1101,16.2000,45.0000,38.9000,432.0000,1.2400,19.1000,6.8000,43.2000
117.5208,40.3958,26.9520,-15.3800,180.0000,7.8197,12.1233,28.6387,1142.9331,26.9520,-15.3800,42.3320,21.1173,-7.0667,21.1173,-7.0667,553.0000,180.0000,3.0000,126.9192,404.0000,10.0000,404.0000,10.0000,3.0000,4.0000,8.0000,18.0000,38.0000,77.0000,180.0000,147.0000,51.0000,18.0000,6.0000,3.0000,-8.9680,-5.6440,1.0160,9.6640,15.7680,20.0720,22.2520,21.0480,15.7520,9.1720,0.3400,-6.5760,0.0000,0.0000,0.0000,0.0000,178.8080,302.1600,379.8120,342.4880,172.5600,0.0000,0.0000,0.0000,1375.8280,1375.8280,658.2404,7.9948,324.2842,16.1000,45.9000,37.9000,371.0000,1.2600,19.9000,6.9000,37.1000
116.8125,40.3542,30.7720,-11.8360,186.0000,11.4512,12.3243,28.9249,1154.7192,30.7720,-11.8360,42.6080,24.8507,-3.5853,24.8507,-3.5853,523.0000,186.0000,3.0000,133.8825,394.0000,10.0000,394.0000,10.0000,4.0000,3.0000,7.0000,14.0000,31.0000,71.0000,186.0000,137.0000,45.0000,17.0000,5.0000,3.0000,-5.6200,-1.9360,4.9320,13.6520,19.6080,24.0480,25.9160,24.5840,19.4280,12.4560,3.5560,-3.2040,0.0000,0.0000,0.0000,109.5600,297.8480,421.4400,493.3960,452.1040,282.8400,76.1360,0.0000,0.0000,2057.1880,2133.3240,64.8039,0.9168,220.6846,18.4000,42.7000,38.9000,190.0000,1.3200,18.4000,7.8000,19.0000
116.8542,40.3542,30.4840,-11.9800,185.0000,11.2523,12.2153,28.7663,1152.9613,30.4840,-11.9800,42.4640,24.6127,-3.7760,24.6127,-3.7760,519.0000,185.0000,3.0000,134.5038,392.0000,10.0000,392.0000,10.0000,4.0000,3.0000,7.0000,13.0000,31.0000,70.0000,185.0000,137.0000,45.0000,16.0000,5.0000,3.0000,-5.8000,-2.1760,4.7040,13.4960,19.4360,23.8080,25.6840,24.3400,19.1840,12.3080,3.4040,-3.3560,0.0000,0.0000,0.0000,104.8800,292.5160,414.2400,486.2040,444.5400,275.5200,71.5480,0.0000,0.0000,2017.9001,2089.4480,75.7955,1.3846,298.4296,18.2000,44.6000,37.2000,179.0000,1.3300,17.8000,7.8000,17.9000
116.8958,40.3542,29.8800,-12.2320,182.0000,10.8643,12.1033,28.7408,1144.0966,29.8800,-12.2320,42.1120,24.0987,-4.0740,24.0987,-4.0740,512.0000,182.0000,3.0000,134.5765,387.0000,9.0000,387.0000,9.0000,3.0000,3.0000,7.0000,13.0000,30.0000,69.0000,182.0000,136.0000,45.0000,16.0000,5.0000,3.0000,-6.0600,-2.5520,4.3360,13.0920,18.9960,23.2920,25.1520,23.8360,18.7400,11.9960,3.1280,-3.6080,0.0000,0.0000,0.0000,92.7600,278.8760,398.7600,469.7120,428.9160,262.2000,61.8760,0.0000,0.0000,1931.2240,1993.1000,141.9016,6.2835,315.5388,18.1000,47.0000,34.9000,172.0000,1.3300,18.0000,7.8000,17.2000
116.9375,40.3542,29.4200,-12.5320,182.0000,10.4790,12.0600,28.7471,1138.3077,29.4200,-12.5320,41.9520,23.6593,-4.3780,23.6593,-4.3780,517.0000,182.0000,3.0000,133.5889,389.0000,9.0000,389.0000,9.0000,3.0000,3.0000,7.0000,14.0000,31.0000,70.0000,182.0000,137.0000,46.0000,16.0000,5.0000,3.0000,-6.3280,-2.8840,3.9520,12.6320,18.5320,22.8240,24.7280,23.4240,18.3200,11.6520,2.8120,-3.9360,0.0000,0.0000,0.0000,78.9600,264.4920,384.7200,456.5680,416.1440,249.6000,51.2120,0.0000,0.0000,1850.4840,1901.6960,229.2314,10.4630,9.1971,18.0000,47.4000,34.5000,208.0000,1.3100,18.3000,7.7000,20.8000
116.9792,40.3542,29.7080,-12.4360,182.0000,10.7358,12.1563,28.8448,1141.8544,29.7080,-12.4360,42.1440,23.9400,-4.1807,23.9400,-4.1807,516.0000,182.0000,3.0000,133.9700,389.0000,9.0000,389.0000,9.0000,3.0000,3.0000,6.0000,14.0000,31.0000,70.0000,182.0000,137.0000,46.0000,16.0000,5.0000,3.0000,-6.1840,-2.6080,4.2320,12.9440,18.8520,23.1040,24.9960,23.7000,18.6000,11.8880,3.0560,-3.7480,0.0000,0.0000,0.0000,88.3200,274.4120,393.1200,464.8760,424.7000,258.0000,58.5280,0.0000,0.0000,1903.4280,1961.9560,165.7616,6.3063,322.4851,18.0000,47.3000,34.6000,278.0000,1.2900,18.1000,7.5000,27.8000
117.0208,40.3542,29.4880,-12.5600,182.0000,10.5257,12.0960,28.7671,1138.9814,29.4880,-12.5600,42.0480,23.7100,-4.3460,23.7100,-4.3460,518.0000,182.0000,3.0000,133.7534,390.0000,9.0000,390.0000,9.0000,3.0000,3.0000,6.0000,14.0000,32.0000,70.0000,182.0000,138.0000,46.0000,16.0000,5.0000,3.0000,-6.3200,-2.7920,3.9920,12.6720,18.5680,22.8360,24.7760,23.5360,18.3880,11.7080,2.8920,-3.9120,0.0000,0.0000,0.0000,80.1600,265.6080,385.0800,458.0560,419.6160,251.6400,52.9480,0.0000,0.0000,1860.1601,1913.1081,213.9427,8.5171,313.4016,17.9000,47.9000,34.2000,342.0000,1.2700,17.6000,7.3000,34.2000
117.0625,40.3542,29.0920,-12.7000,182.0000,10.2102,12.0023,28.7192,1132.7603,29.0920,-12.7000,41.7920,23.3427,-4.5673,23.3427,-4.5673,522.0000,182.0000,3.0000,133.2956,392.0000,9.0000,392.0000,9.0000,3.0000,3.0000,7.0000,14.0000,32.0000,70.0000,182.0000,140.0000,47.0000,16.0000,5.0000,3.0000,-6.5040,-3.1040,3.6360,12.2480,18.1520,22.4320,24.4280,23.1880,18.0680,11.4440,2.6760,-4.1160,0.0000,0.0000,0.0000,67.4400,252.7120,372.9600,447.2680,408.8280,242.0400,44.7640,0.0000,0.0000,1791.2480,1836.0120,282.1400,11.1933,285.3669,17.5000,48.6000,33.9000,336.0000,1.2600,17.9000,7.3000,33.6000
117.1042,40.3542,28.4280,-13.1840,182.0000,9.5367,11.9093,28.6199,1127.4912,28.4280,-13.1840,41.6120,22.6480,-5.1387,22.6480,-5.1387,530.0000,182.0000,3.0000,131.9522,396.0000,9.0000,396.0000,9.0000,3.0000,3.0000,7.0000,15.0000,33.0000,72.0000,182.0000,142.0000,48.0000,17.0000,5.0000,3.0000,-6.9840,-3.7600,2.8520,11.4200,17.3880,21.6920,23.7520,22.4960,17.3720,10.8120,2.0560,-4.6560,0.0000,0.0000,0.0000,42.6000,229.0280,350.7600,426.3120,387.3760,221.1600,25.1720,0.0000,0.0000,1657.2360,1682.4080,435.0838,15.9992,311.0740,17.4000,47.5000,35.2000,326.0000,1.2600,18.6000,7.3000,32.6000
117.1458,40.3542,28.3680,-13.2240,182.0000,9.4773,11.8520,28.4959,1128.6079,28.3680,-13.2240,41.5920,22.5927,-5.2227,22.5927,-5.2227,530.0000,182.0000,3.0000,131.9522,396.0000,9.0000,396.0000,9.0000,3.0000,3.0000,7.0000,15.0000,33.0000,72.0000,182.0000,142.0000,48.0000,17.0000,5.0000,3.0000,-7.0600,-3.8680,2.7720,11.3680,17.3240,21.6120,23.7160,22.4680,17.3400,10.7960,2.0200,-4.7120,0.0000,0.0000,0.0000,41.0400,227.0440,348.3600,425.1960,386.5080,220.2000,24.6760,0.0000,0.0000,1648.3480,1673.0240,427.0219,12.9186,247.8772,17.7000,45.3000,37.0000,354.0000,1.2600,18.9000,7.1000,35.4000
117.1875,40.3542,27.9280,-13.7000,182.0000,9.0017,11.8173,28.3879,1129.7247,27.9280,-13.7000,41.6280,22.1420,-5.7073,22.1420,-5.7073,535.0000,182.0000,3.0000,131.4723,399.0000,9.0000,399.0000,9.0000,3.0000,3.0000,7.0000,16.0000,34.0000,73.0000,182.0000,144.0000,49.0000,16.0000,5.0000,3.0000,-7.5280,-4.3840,2.2800,10.8440,16.8280,21.1480,23.2600,22.0200,16.8800,10.3400,1.5400,-5.2040,0.0000,0.0000,0.0000,25.3200,211.6680,334.4400,411.0600,372.6200,206.4000,10.5400,0.0000,0.0000,1561.5080,1572.0480,522.1111,14.6142,231.8037,17.7000,43.2000,39.1000,326.0000,1.2700,20.0000,7.0000,32.6000
117.2292,40.3542,26.8400,-14.7000,181.0000,7.8368,11.5903,27.9016,1132.5062,26.8400,-14.7000,41.5400,21.0507,-6.8773,21.0507,-6.8773,550.0000,181.0000,3.0000,127.8121,404.0000,10.0000,404.0000,10.0000,3.0000,4.0000,8.0000,18.0000,37.0000,77.0000,181.0000,146.0000,50.0000,17.0000,6.0000,3.0000,-8.6520,-5.6720,1.0000,9.5760,15.6280,20.0360,22.2080,20.9200,15.7520,9.2280,0.3800,-6.3240,0.0000,0.0000,0.0000,0.0000,174.4680,301.0800,378.4480,338.5200,172.5600,0.0000,0.0000,0.0000,1365.0760,1365.0760,740.4610,20.6235,275.3668,17.4000,43.5000,39.1000,298.0000,1.2700,20.0000,7.1000,29.8000
117.2708,40.3542,26.3360,-15.1200,181.0000,7.3177,11.4413,27.5987,1134.2371,26.3360,-15.1200,41.4560,20.5687,-7.4047,20.5687,-7.4047,556.0000,181.0000,3.0000,126.6592,406.0000,10.0000,406.0000,10.0000,3.0000,4.0000,9.0000,18.0000,38.0000,78.0000,181.0000,147.0000,51.0000,18.0000,6.0000,3.0000,-9.1560,-6.2560,0.3960,9.0040,15.0640,19.5320,21.7200,20.4520,15.2480,8.7320,-0.1120,-6.8080,0.0000,0.0000,0.0000,0.0000,156.9840,285.9600,363.3200,324.0120,157.4400,0.0000,0.0000,0.0000,1287.7160,1287.7160,847.8308,21.5519,22.8094,17.2000,44.8000,38.1000,333.0000,1.2600,18.9000,7.0000,33.3000
117.3125,40.3542,26.5480,-14.9200,182.0000,7.5992,11.5823,27.9308,1130.9058,26.5480,-14.9200,41.4680,20.8033,-7.0940,20.8033,-7.0940,553.0000,182.0000,3.0000,127.9073,406.0000,10.0000,406.0000,10.0000,3.0000,4.0000,8.0000,18.0000,37.0000,77.0000,182.0000,147.0000,51.0000,17.0000,6.0000,3.0000,-8.8400,-5.9040,0.7400,9.3240,15.3280,19.7600,21.9360,20.7040,15.4840,8.9960,0.2000,-6.5160,0.0000,0.0000,0.0000,0.0000,165.1680,292.8000,370.0160,331.8240,164.5200,0.0000,0.0000,0.0000,1324.3281,1324.3281,776.7020,19.8930,60.1114,16.9000,44.8000,38.4000,353.0000,1.2600,18.9000,6.8000,35.3000
117.3542,40.3542,26.8080,-14.7400,181.0000,7.8892,11.6643,28.0744,1131.1494,26.8080,-14.7400,41.5480,21.0767,-6.8260,21.0767,-6.8260,550.0000,181.0000,3.0000,128.5042,405.0000,10.0000,405.0000,10.0000,3.0000,4.0000,8.0000,17.0000,36.0000,76.0000,181.0000,148.0000,51.0000,17.0000,6.0000,3.0000,-8.6040,-5.6040,1.0520,9.6640,15.6280,20.0240,22.2000,21.0040,15.7720,9.3000,0.5080,-6.2600,0.0000,0.0000,0.0000,0.0000,174.4680,300.7200,378.2000,341.1240,173.1600,0.0000,0.0000,0.0000,1367.6720,1367.6720,708.3430,16.8941,317.8141,16.4000,43.8000,39.8000,359.0000,1.2600,19.7000,6.7000,35.9000
117.3958,40.3542,26.7800,-14.7080,182.0000,7.9028,11.7317,28.2773,1125.8047,26.7800,-14.7080,41.4880,21.0393,-6.7353,21.0393,-6.7353,554.0000,182.0000,3.0000,127.8168,406.0000,10.0000,406.0000,10.0000,3.0000,4.0000,8.0000,18.0000,37.0000,76.0000,182.0000,148.0000,51.0000,18.0000,6.0000,3.0000,-8.5080,-5.5040,1.0520,9.6440,15.5760,19.9640,22.1600,20.9760,15.7680,9.3120,0.5680,-6.1720,0.0000,0.0000,0.0000,0.0000,172.8560,298.9200,376.9600,340.2560,173.0400,0.0000,0.0000,0.0000,1362.0320,1362.0320,721.2499,19.2836,130.4504,15.9000,43.0000,41.1000,358.0000,1.2600,19.8000,6.7000,35.8000
117.4375,40.3542,27.3960,-14.2880,181.0000,8.5052,11.8457,28.4178,1130.3501,27.3960,-14.2880,41.6840,21.6620,-6.2220,21.6620,-6.2220,549.0000,181.0000,3.0000,128.1091,403.0000,10.0000,403.0000,10.0000,3.0000,4.0000,8.0000,18.0000,36.0000,75.0000,181.0000,147.0000,50.0000,18.0000,6.0000,3.0000,-8.0520,-4.9400,1.7160,10.3240,16.2400,20.5760,22.7720,21.6200,16.4120,9.9200,1.1640,-5.6800,0.0000,0.0000,0.0000,9.7200,193.4400,317.2800,395.9320,360.2200,192.3600,0.0000,0.0000,0.0000,1468.9520,1468.9520,563.9816,19.0703,165.9038,15.6000,42.5000,41.8000,361.0000,1.2600,19.7000,6.8000,36.1000
117.4792,40.3542,26.6920,-15.0000,181.0000,7.7445,11.8643,28.4571,1128.7806,26.6920,-15.0000,41.6920,20.9073,-6.9380,20.9073,-6.9380,557.0000,181.0000,3.0000,126.7914,407.0000,10.0000,407.0000,10.0000,3.0000,4.0000,8.0000,19.0000,38.0000,78.0000,181.0000,148.0000,51.0000,18.0000,6.0000,3.0000,-8.7080,-5.6880,0.8960,9.4560,15.4720,19.8280,22.0480,20.8640,15.6520,9.1680,0.4120,-6.3920,0.0000,0.0000,0.0000,0.0000,169.6320,294.8400,373.4880,336.7840,169.5600,0.0000,0.0000,0.0000,1344.3040,1344.3040,735.4498,17.3236,225.3932,15.8000,43.1000,41.1000,372.0000,1.2500,20.3000,6.8000,37.2000
117.5208,40.3542,26.2000,-15.4400,181.0000,7.2422,11.6837,28.0588,1131.3575,26.2000,-15.4400,41.6400,20.4447,-7.4620,20.4447,-7.4620,562.0000,181.0000,3.0000,125.8745,409.0000,10.0000,409.0000,10.0000,3.0000,4.0000,9.0000,19.0000,39.0000,79.0000,181.0000,149.0000,51.0000,19.0000,6.0000,3.0000,-9.2400,-6.2360,0.3080,8.8960,14.9680,19.3440,21.5880,20.3960,15.1800,8.6800,-0.0760,-6.9040,0.0000,0.0000,0.0000,0.0000,154.0080,280.3200,359.2280,322.2760,155.4000,0.0000,0.0000,0.0000,1271.2320,1271.2320,773.5098,14.3506,240.2189,15.6000,46.0000,38.4000,378.0000,1.2500,20.2000,7.0000,37.8000
116.8125,40.3125,30.0280,-11.7920,184.0000,11.0855,12.0050,28.7064,1138.1964,30.0280,-11.7920,41.8200,24.2787,-3.7513,24.2787,-3.7513,517.0000,184.0000,3.0000,134.6006,391.0000,9.0000,391.0000,9.0000,3.0000,3.0000,7.0000,14.0000,30.0000,70.0000,184.0000,137.0000,45.0000,16.0000,5.0000,3.0000,-5.7080,-2.2280,4.5440,13.2320,19.1160,23.5000,25.3280,24.0320,18.9800,12.2080,3.3760,-3.3080,0.0000,0.0000,0.0000,96.9600,282.5960,405.0000,475.1680,434.9920,269.4000,68.4480,0.0000,0.0000,1964.1160,2032.5640,136.0249,7.6778,296.8843,18.2000,43.6000,38.2000,171.0000,1.3400,17.5000,7.7000,17.1000
116.8542,40.3125,29.2920,-12.1680,183.0000,10.4555,11.7923,28.4427,1130.5040,29.2920,-12.1680,41.4600,23.5687,-4.2753,23.5687,-4.2753,520.0000,183.0000,3.0000,133.9758,392.0000,9.0000,392.0000,9.0000,3.0000,3.0000,7.0000,14.0000,31.0000,70.0000,183.0000,139.0000,46.0000,16.0000,5.0000,3.0000,-6.1760,-2.8640,3.8400,12.5240,18.3720,22.7280,24.6360,23.3440,18.2960,11.6640,2.8720,-3.7800,0.0000,0.0000,0.0000,75.7200,259.5320,381.8400,453.7160,413.6640,248.8800,51.5840,0.0000,0.0000,1833.3520,1884.9360,251.9676,12.1113,349.6455,18.1000,45.7000,36.3000,216.0000,1.3200,17.3000,7.6000,21.6000
116.8958,40.3125,28.9960,-12.3840,184.0000,10.2320,11.8907,28.7353,1124.1024,28.9960,-12.3840,41.3800,23.2753,-4.4167,23.2753,-4.4167,524.0000,184.0000,3.0000,133.5163,394.0000,9.0000,394.0000,9.0000,3.0000,3.0000,7.0000,14.0000,32.0000,71.0000,184.0000,139.0000,47.0000,16.0000,5.0000,3.0000,-6.2920,-3.0440,3.6320,12.2560,18.1120,22.4160,24.3320,23.0520,18.0160,11.4640,2.7200,-3.9120,0.0000,0.0000,0.0000,67.6800,251.4720,372.4800,444.2920,404.6120,240.4800,45.3840,0.0000,0.0000,1781.0160,1826.4000,298.9438,13.4894,236.8115,18.1000,45.0000,36.9000,325.0000,1.2800,17.4000,7.3000,32.5000
116.9375,40.3125,29.3760,-12.2000,185.0000,10.6078,12.0503,28.9839,1126.1251,29.3760,-12.2000,41.5760,23.6533,-4.0893,23.6533,-4.0893,522.0000,185.0000,3.0000,134.4376,394.0000,9.0000,394.0000,9.0000,3.0000,3.0000,7.0000,14.0000,31.0000,70.0000,185.0000,139.0000,46.0000,16.0000,5.0000,3.0000,-6.0040,-2.6520,4.0800,12.7200,18.5400,22.8040,24.7000,23.4440,18.3760,11.8360,3.0640,-3.6160,0.0000,0.0000,0.0000,81.6000,264.7400,384.1200,455.7000,416.7640,251.2800,56.9160,0.0000,0.0000,1854.2040,1911.1200,210.1388,10.9305,128.8893,18.1000,44.1000,37.8000,402.0000,1.2600,17.7000,7.0000,40.2000
116.9792,40.3125,29.2920,-12.2320,185.0000,10.5477,11.9667,28.8187,1126.5769,29.2920,-12.2320,41.5240,23.5980,-4.1527,23.5980,-4.1527,522.0000,185.0000,3.0000,134.4376,394.0000,9.0000,394.0000,9.0000,3.0000,3.0000,7.0000,14.0000,31.0000,70.0000,185.0000,139.0000,46.0000,16.0000,5.0000,3.0000,-6.0640,-2.6920,4.0000,12.6360,18.4960,22.7640,24.6360,23.3960,18.3240,11.7720,3.0280,-3.6840,0.0000,0.0000,0.0000,79.0800,263.3760,382.9200,453.7160,415.2760,249.7200,54.9320,0.0000,0.0000,1844.0880,1899.0200,215.0373,10.1141,230.8058,18.3000,45.8000,36.0000,369.0000,1.2600,17.9000,7.1000,36.9000
117.0208,40.3125,28.8960,-12.4440,185.0000,10.1587,11.8187,28.5889,1121.5319,28.8960,-12.4440,41.3400,23.1880,-4.4567,23.1880,-4.4567,525.0000,185.0000,3.0000,134.3492,396.0000,9.0000,396.0000,9.0000,3.0000,3.0000,7.0000,14.0000,31.0000,70.0000,185.0000,141.0000,47.0000,16.0000,5.0000,3.0000,-6.3360,-3.0760,3.5440,12.1200,17.9600,22.2680,24.2480,23.0440,17.9520,11.4240,2.7080,-3.9720,0.0000,0.0000,0.0000,63.6000,246.7600,368.0400,441.6880,404.3640,238.5600,44.1440,0.0000,0.0000,1763.0119,1807.1559,305.3876,13.4135,131.3839,18.6000,46.7000,34.6000,330.0000,1.2700,18.3000,7.1000,33.0000
117.0625,40.3125,29.0880,-12.2960,184.0000,10.3712,11.8190,28.5593,1123.3027,29.0880,-12.2960,41.3840,23.4040,-4.2880,23.4040,-4.2880,522.0000,184.0000,3.0000,134.2052,393.0000,9.0000,393.0000,9.0000,3.0000,3.0000,7.0000,14.0000,31.0000,69.0000,184.0000,140.0000,47.0000,16.0000,5.0000,3.0000,-6.1840,-2.8840,3.7760,12.3520,18.1640,22.4480,24.4640,23.2920,18.1920,11.6480,2.9320,-3.7800,0.0000,0.0000,0.0000,70.5600,253.0840,373.4400,448.3840,412.0520,245.7600,51.0880,0.0000,0.0000,1803.2800,1854.3680,242.9649,11.9421,238.4676,18.9000,45.8000,35.3000,320.0000,1.2700,18.9000,7.2000,32.0000
117.1042,40.3125,28.8480,-12.6200,184.0000,10.0850,11.8213,28.5071,1125.0421,28.8480,-12.6200,41.4680,23.1467,-4.5860,23.1467,-4.5860,525.0000,184.0000,3.0000,133.8312,395.0000,9.0000,395.0000,9.0000,3.0000,3.0000,7.0000,14.0000,32.0000,70.0000,184.0000,141.0000,47.0000,16.0000,5.0000,3.0000,-6.4800,-3.2120,3.4520,12.0280,17.8920,22.1800,24.2160,23.0440,17.9320,11.3800,2.6560,-4.0680,0.0000,0.0000,0.0000,60.8400,244.6520,365.4000,440.6960,404.3640,237.9600,42.7800,0.0000,0.0000,1753.9120,1796.6920,307.1927,10.3242,296.1293,18.3000,46.0000,35.7000,325.0000,1.2700,19.2000,7.2000,32.5000
117.1458,40.3125,28.2480,-13.0840,184.0000,9.4653,11.6893,28.2816,1123.6349,28.2480,-13.0840,41.3320,22.5327,-5.1640,22.5327,-5.1640,534.0000,184.0000,3.0000,132.5639,400.0000,9.0000,400.0000,9.0000,3.0000,3.0000,7.0000,16.0000,33.0000,72.0000,184.0000,144.0000,48.0000,16.0000,5.0000,3.0000,-7.0120,-3.8600,2.7560,11.3080,17.2240,21.5320,23.6480,22.4280,17.3160,10.8080,2.0680,-4.6360,0.0000,0.0000,0.0000,39.2400,223.9440,345.9600,423.0880,385.2680,219.4800,25.0480,0.0000,0.0000,1636.9800,1662.0280,434.4197,16.1011,278.5764,17.6000,47.1000,35.3000,324.0000,1.2700,19.2000,7.2000,32.4000
117.1875,40.3125,27.2120,-13.9560,185.0000,8.3877,11.5247,27.9942,1121.3804,27.2120,-13.9560,41.1680,21.4727,-6.1787,21.4727,-6.1787,552.0000,185.0000,3.0000,129.4618,408.0000,10.0000,408.0000,10.0000,3.0000,4.0000,8.0000,17.0000,36.0000,76.0000,185.0000,147.0000,50.0000,17.0000,6.0000,3.0000,-7.9440,-4.9840,1.5680,10.0720,16.0600,20.4480,22.6120,21.3680,16.2520,9.7760,1.0280,-5.6120,0.0000,0.0000,0.0000,2.1600,187.8600,313.4400,390.9720,352.4080,187.5600,0.0000,0.0000,0.0000,1434.4000,1434.4000,668.7756,22.4317,263.9371,17.8000,45.2000,37.0000,376.0000,1.2600,19.7000,7.1000,37.6000
117.2292,40.3125,26.9080,-14.2160,185.0000,8.0743,11.3553,27.6124,1125.3997,26.9080,-14.2160,41.1240,21.2100,-6.5407,21.2100,-6.5407,556.0000,185.0000,3.0000,128.8885,410.0000,10.0000,410.0000,10.0000,3.0000,4.0000,8.0000,18.0000,36.0000,77.0000,185.0000,148.0000,51.0000,17.0000,6.0000,3.0000,-8.2680,-5.4040,1.1680,9.7360,15.7160,20.1560,22.3520,21.1360,15.9960,9.5040,0.7480,-5.9360,0.0000,0.0000,0.0000,0.0000,177.1960,304.6800,382.9120,345.2160,179.8800,0.0000,0.0000,0.0000,1389.8840,1389.8840,700.8099,20.6896,121.8280,18.2000,42.2000,39.5000,452.0000,1.2200,19.5000,6.9000,45.2000
117.2708,40.3125,26.7360,-14.3640,185.0000,7.9115,11.4583,27.8792,1121.2455,26.7360,-14.3640,41.1000,21.0227,-6.6347,21.0227,-6.6347,562.0000,185.0000,3.0000,127.7295,412.0000,10.0000,412.0000,10.0000,3.0000,4.0000,9.0000,18.0000,37.0000,78.0000,185.0000,149.0000,52.0000,18.0000,6.0000,3.0000,-8.3440,-5.5040,1.0120,9.5280,15.5200,19.9800,22.1480,20.9360,15.7960,9.3040,0.6160,-6.0720,0.0000,0.0000,0.0000,0.0000,171.1200,299.4000,376.5880,339.0160,173.8800,0.0000,0.0000,0.0000,1360.0040,1360.0040,748.8714,24.2326,193.8860,17.6000,42.6000,39.8000,475.0000,1.2200,18.6000,6.9000,47.5000
117.3125,40.3125,27.6600,-13.5840,185.0000,8.9283,11.5913,28.1043,1124.5634,27.6600,-13.5840,41.2440,22.0200,-5.7213,22.0200,-5.7213,548.0000,185.0000,3.0000,130.6403,407.0000,10.0000,407.0000,10.0000,3.0000,4.0000,8.0000,16.0000,35.0000,74.0000,185.0000,148.0000,49.0000,17.0000,6.0000,3.0000,-7.5120,-4.4800,2.1480,10.7320,16.6040,20.9800,23.1120,21.9720,16.8200,10.3160,1.6040,-5.1720,0.0000,0.0000,0.0000,21.9600,204.7240,329.4000,406.4720,371.1320,204.6000,9.7960,0.0000,0.0000,1538.2880,1548.0840,508.0185,18.0674,128.7364,16.7000,43.4000,39.9000,483.0000,1.2300,18.4000,6.9000,48.3000
117.3542,40.3125,27.1000,-14.1120,184.0000,8.3557,11.6313,28.2232,1120.8242,27.1000,-14.1120,41.2120,21.4233,-6.2260,21.4233,-6.2260,555.0000,184.0000,3.0000,128.9068,409.0000,10.0000,409.0000,10.0000,3.0000,4.0000,8.0000,18.0000,36.0000,76.0000,184.0000,149.0000,51.0000,17.0000,6.0000,3.0000,-7.9920,-5.0160,1.5560,10.0840,15.9960,20.3560,22.5440,21.3720,16.2120,9.7640,1.0680,-5.6720,0.0000,0.0000,0.0000,2.5200,185.8760,310.6800,388.8640,352.5320,186.3600,0.0000,0.0000,0.0000,1426.8320,1426.8320,635.1361,20.2381,198.2457,16.0000,43.0000,41.0000,494.0000,1.2200,19.2000,6.9000,49.4000
117.3958,40.3125,27.6120,-13.7440,184.0000,8.8558,11.7123,28.3208,1123.6605,27.6120,-13.7440,41.3560,21.9333,-5.7880,21.9333,-5.7880,549.0000,184.0000,3.0000,129.8826,406.0000,10.0000,406.0000,10.0000,3.0000,4.0000,8.0000,17.0000,35.0000,74.0000,184.0000,148.0000,50.0000,17.0000,6.0000,3.0000,-7.6000,-4.5280,2.0920,10.6800,16.5280,20.8480,23.0360,21.9200,16.7200,10.2560,1.5800,-5.2360,0.0000,0.0000,0.0000,20.4000,202.3680,325.4400,404.1160,369.5200,201.6000,7.9360,0.0000,0.0000,1523.4440,1531.3799,516.0388,18.8975,141.2264,16.2000,43.7000,40.1000,500.0000,1.2100,19.6000,6.8000,50.0000
117.4375,40.3125,27.7880,-13.6960,183.0000,8.9998,11.7377,28.2944,1127.5599,27.7880,-13.6960,41.4840,22.1127,-5.7047,22.1127,-5.7047,545.0000,183.0000,3.0000,129.9361,403.0000,10.0000,403.0000,10.0000,3.0000,4.0000,8.0000,17.0000,35.0000,73.0000,183.0000,147.0000,49.0000,17.0000,6.0000,3.0000,-7.5480,-4.4280,2.2360,10.8200,16.7080,21.0320,23.2160,22.1040,16.9000,10.4120,1.7200,-5.1480,0.0000,0.0000,0.0000,24.6000,207.9480,330.9600,409.6960,375.2240,207.0000,12.7720,0.0000,0.0000,1555.4280,1568.2000,468.7937,19.0567,277.4750,16.6000,46.2000,37.2000,497.0000,1.2200,19.2000,6.9000,49.7000
117.4792,40.3125,27.2920,-14.1880,184.0000,8.4963,11.7253,28.2674,1125.6936,27.2920,-14.1880,41.4800,21.6040,-6.1693,21.6040,-6.1693,554.0000,184.0000,3.0000,128.9373,408.0000,10.0000,408.0000,10.0000,3.0000,4.0000,8.0000,18.0000,36.0000,75.0000,184.0000,149.0000,50.0000,18.0000,6.0000,3.0000,-7.9760,-4.9240,1.6800,10.2320,16.1640,20.5000,22.7240,21.5920,16.4000,9.9240,1.2400,-5.5960,0.0000,0.0000,0.0000,6.9600,191.0840,315.0000,394.4440,359.3520,192.0000,0.0000,0.0000,0.0000,1458.8400,1458.8400,577.5291,18.3017,181.3305,16.4000,47.4000,36.2000,517.0000,1.2200,18.7000,6.9000,51.7000
117.5208,40.3125,26.2360,-15.0680,185.0000,7.3992,11.5557,27.9771,1124.0483,26.2360,-15.0680,41.3040,20.5367,-7.1947,20.5367,-7.1947,571.0000,185.0000,3.0000,126.0411,415.0000,10.0000,415.0000,10.0000,3.0000,4.0000,9.0000,20.0000,39.0000,79.0000,185.0000,151.0000,52.0000,19.0000,7.0000,3.0000,-8.9320,-6.0480,0.4520,8.9680,15.0240,19.4160,21.6720,20.5160,15.3240,8.8640,0.1640,-6.6240,0.0000,0.0000,0.0000,0.0000,155.7440,282.4800,361.8320,325.9960,159.7200,0.0000,0.0000,0.0000,1285.7721,1285.7721,557.4519,18.1121,257.3983,15.4000,45.2000,39.4000,550.0000,1.1900,19.3000,6.7000,55.0000
116.8125,40.2708,30.0800,-11.4200,186.0000,11.3185,12.0830,29.1157,1124.2325,30.0800,-11.4200,41.5000,24.3620,-3.3260,24.3620,-3.3260,517.0000,186.0000,3.0000,135.5840,392.0000,10.0000,392.0000,10.0000,4.0000,3.0000,6.0000,13.0000,30.0000,69.0000,186.0000,137.0000,45.0000,16.0000,5.0000,3.0000,-5.2480,-1.8240,4.8640,13.4120,19.1880,23.5800,25.3960,24.0960,19.1240,12.4640,3.6680,-2.9200,0.0000,0.0000,0.0000,102.3600,284.8280,407.4000,477.2760,436.9760,273.7200,76.3840,0.0000,0.0000,1982.5600,2058.9440,85.3405,3.8589,218.0874,17.9000,45.0000,37.1000,349.0000,1.2700,16.7000,7.1000,34.9000
116.8542,40.2708,29.3320,-11.7520,186.0000,10.7073,11.8740,28.9018,1115.5969,29.3320,-11.7520,41.0840,23.6673,-3.8140,23.6673,-3.8140,522.0000,186.0000,3.0000,134.5980,394.0000,9.0000,394.0000,9.0000,3.0000,3.0000,7.0000,14.0000,31.0000,70.0000,186.0000,138.0000,46.0000,16.0000,5.0000,3.0000,-5.6680,-2.4280,4.1600,12.6920,18.4760,22.8480,24.7080,23.4560,18.4720,11.9200,3.2120,-3.3520,0.0000,0.0000,0.0000,80.7600,262.7560,385.4400,455.9480,417.1360,254.1600,59.5200,0.0000,0.0000,1856.2000,1915.7200,216.4476,12.7600,213.2912,18.1000,44.9000,37.0000,387.0000,1.2500,17.6000,7.0000,38.7000
116.8958,40.2708,29.2320,-12.0440,187.0000,10.5817,11.9460,28.9418,1120.1403,29.2320,-12.0440,41.2760,23.5713,-4.0180,23.5713,-4.0180,522.0000,187.0000,3.0000,135.4209,395.0000,9.0000,395.0000,9.0000,3.0000,3.0000,7.0000,13.0000,31.0000,69.0000,187.0000,139.0000,46.0000,16.0000,5.0000,3.0000,-5.9000,-2.6240,4.0200,12.6440,18.4280,22.7360,24.6040,23.3680,18.3440,11.8160,3.0800,-3.5200,0.0000,0.0000,0.0000,79.3200,261.2680,382.0800,452.7240,414.4080,250.3200,56.2960,0.0000,0.0000,1840.1200,1896.4160,230.5830,11.5834,85.0023,18.4000,45.8000,35.7000,323.0000,1.2600,18.9000,7.3000,32.3000
116.9375,40.2708,29.3160,-12.0720,188.0000,10.6253,11.9493,28.8715,1123.6359,29.3160,-12.0720,41.3880,23.6440,-4.0307,23.6440,-4.0307,524.0000,188.0000,3.0000,135.8541,398.0000,9.0000,398.0000,9.0000,3.0000,3.0000,7.0000,13.0000,30.0000,70.0000,188.0000,140.0000,46.0000,16.0000,5.0000,3.0000,-5.9520,-2.6240,4.0640,12.7080,18.5040,22.7840,24.6680,23.4560,18.4080,11.8560,3.1080,-3.5280,0.0000,0.0000,0.0000,81.2400,263.6240,383.5200,454.7080,417.1360,252.2400,57.5360,0.0000,0.0000,1852.4680,1910.0040,208.5977,11.2184,339.7972,18.5000,46.3000,35.2000,294.0000,1.2700,18.9000,7.3000,29.4000
116.9792,40.2708,29.3760,-11.9280,188.0000,10.7262,11.8410,28.6679,1122.8962,29.3760,-11.9280,41.3040,23.7413,-3.9227,23.7413,-3.9227,521.0000,188.0000,3.0000,136.5719,396.0000,9.0000,396.0000,9.0000,3.0000,3.0000,6.0000,13.0000,30.0000,68.0000,188.0000,140.0000,46.0000,16.0000,5.0000,3.0000,-5.8320,-2.5120,4.1560,12.7960,18.5680,22.8360,24.7760,23.6040,18.5240,11.9680,3.2400,-3.4200,0.0000,0.0000,0.0000,83.8800,265.6080,385.0800,458.0560,421.7240,255.7200,61.0080,0.0000,0.0000,1870.0680,1931.0760,175.5958,11.7663,96.7411,18.5000,45.7000,35.8000,347.0000,1.2600,18.8000,7.1000,34.7000
117.0208,40.2708,29.3800,-11.9280,187.0000,10.7438,11.8870,28.7765,1119.3995,29.3800,-11.9280,41.3080,23.7267,-3.8567,23.7267,-3.8567,519.0000,187.0000,3.0000,136.2699,394.0000,9.0000,394.0000,9.0000,3.0000,3.0000,6.0000,13.0000,30.0000,68.0000,187.0000,139.0000,46.0000,16.0000,5.0000,3.0000,-5.7560,-2.4240,4.2080,12.8000,18.5280,22.7720,24.7840,23.6360,18.5160,11.9800,3.2800,-3.3680,0.0000,0.0000,0.0000,84.0000,264.3680,383.1600,458.3040,422.7160,255.4800,61.3800,0.0000,0.0000,1868.0280,1929.4080,165.7368,8.1226,166.9720,18.8000,46.2000,34.9000,389.0000,1.2600,18.7000,7.0000,38.9000
117.0625,40.2708,29.4440,-11.9320,187.0000,10.8200,11.8973,28.7542,1120.8229,29.4440,-11.9320,41.3760,23.8113,-3.8147,23.8113,-3.8147,519.0000,187.0000,3.0000,136.0858,393.0000,9.0000,393.0000,9.0000,3.0000,3.0000,6.0000,14.0000,30.0000,67.0000,187.0000,139.0000,46.0000,16.0000,5.0000,3.0000,-5.7400,-2.3400,4.3240,12.9040,18.6160,22.8400,24.8600,23.7280,18.6160,12.0440,3.3480,-3.3320,0.0000,0.0000,0.0000,87.1200,267.0960,385.2000,460.6600,425.5680,258.4800,63.3640,0.0000,0.0000,1884.1240,1947.4880,144.7960,5.3527,242.9287,18.7000,47.2000,34.1000,365.0000,1.2600,19.1000,7.1000,36.5000
117.1042,40.2708,28.9120,-12.2920,187.0000,10.3048,11.7810,28.5919,1118.7726,28.9120,-12.2920,41.2040,23.2887,-4.2900,23.2887,-4.2900,526.0000,187.0000,3.0000,135.2872,398.0000,9.0000,398.0000,9.0000,3.0000,3.0000,7.0000,14.0000,31.0000,69.0000,187.0000,142.0000,46.0000,16.0000,5.0000,3.0000,-6.1840,-2.9080,3.7400,12.2680,18.0520,22.3160,24.3440,23.2040,18.0920,11.5800,2.8920,-3.7960,0.0000,0.0000,0.0000,68.0400,249.6120,369.4800,444.6640,409.3240,242.7600,48.9800,0.0000,0.0000,1783.8800,1832.8600,276.0268,14.2599,257.9113,18.6000,46.1000,35.3000,388.0000,1.2600,19.4000,7.1000,38.8000
117.1458,40.2708,28.3360,-12.6960,187.0000,9.7357,11.5813,28.2251,1117.9141,28.3360,-12.6960,41.0320,22.7273,-4.8333,22.7273,-4.8333,534.0000,187.0000,3.0000,133.8988,402.0000,9.0000,402.0000,9.0000,3.0000,3.0000,7.0000,16.0000,32.0000,71.0000,187.0000,144.0000,47.0000,16.0000,5.0000,3.0000,-6.6920,-3.5280,3.0880,11.5960,17.4360,21.7240,23.8080,22.6680,17.5640,11.0880,2.3960,-4.2920,0.0000,0.0000,0.0000,47.8800,230.5160,351.7200,428.0480,392.7080,226.9200,33.7280,0.0000,0.0000,1677.7920,1711.5200,384.4227,15.4189,268.4410,19.2000,44.0000,36.7000,494.0000,1.2400,19.3000,6.9000,49.4000
117.1875,40.2708,27.7200,-13.1840,187.0000,9.0868,11.4483,27.9883,1115.9247,27.7200,-13.1840,40.9040,22.0880,-5.4267,22.0880,-5.4267,547.0000,187.0000,3.0000,131.1590,407.0000,10.0000,407.0000,10.0000,3.0000,4.0000,8.0000,16.0000,34.0000,74.0000,187.0000,146.0000,49.0000,17.0000,6.0000,3.0000,-7.2240,-4.2200,2.3200,10.8160,16.7080,21.0440,23.1800,22.0480,16.9440,10.4800,1.8040,-4.8560,0.0000,0.0000,0.0000,24.4800,207.9480,331.3200,408.5800,373.4880,208.3200,14.8800,0.0000,0.0000,1554.1361,1569.0160,523.7817,18.5434,213.8061,19.6000,42.3000,38.0000,555.0000,1.2200,19.2000,6.8000,55.5000
117.2292,40.2708,27.7040,-13.1920,187.0000,9.0620,11.3693,27.8006,1118.6947,27.7040,-13.1920,40.8960,22.0940,-5.4920,22.0940,-5.4920,548.0000,187.0000,3.0000,131.2460,408.0000,10.0000,408.0000,10.0000,3.0000,4.0000,8.0000,16.0000,34.0000,74.0000,187.0000,147.0000,49.0000,17.0000,6.0000,3.0000,-7.2680,-4.3240,2.2360,10.7760,16.6680,21.0240,23.1880,22.0640,16.9680,10.4880,1.8000,-4.8840,0.0000,0.0000,0.0000,23.2800,206.7080,330.7200,408.8280,373.9840,209.0400,15.1280,0.0000,0.0000,1552.5601,1567.6881,502.6463,20.6975,133.3622,18.7000,41.8000,39.4000,514.0000,1.2100,18.9000,6.9000,51.4000
117.2708,40.2708,27.5040,-13.4920,187.0000,8.8187,11.5153,28.0889,1116.4423,27.5040,-13.4920,40.9960,21.8440,-5.6927,21.8440,-5.6927,556.0000,187.0000,3.0000,130.0106,412.0000,10.0000,412.0000,10.0000,3.0000,4.0000,8.0000,17.0000,35.0000,76.0000,187.0000,149.0000,50.0000,18.0000,6.0000,3.0000,-7.4360,-4.5120,2.0120,10.4920,16.4120,20.8040,22.9360,21.7960,16.6880,10.2120,1.5720,-5.1160,0.0000,0.0000,0.0000,14.7600,198.7720,324.1200,401.0160,365.6760,200.6400,6.5720,0.0000,0.0000,1504.9840,1511.5560,566.8205,20.0583,234.6817,17.7000,41.6000,40.7000,488.0000,1.2100,18.6000,6.9000,48.8000
117.3125,40.2708,28.1320,-12.9640,187.0000,9.5135,11.5903,28.2031,1119.6958,28.1320,-12.9640,41.0960,22.5353,-5.0800,22.5353,-5.0800,545.0000,187.0000,3.0000,132.1195,407.0000,9.0000,407.0000,9.0000,3.0000,3.0000,7.0000,16.0000,34.0000,73.0000,187.0000,147.0000,49.0000,17.0000,6.0000,3.0000,-6.8840,-3.8240,2.7760,11.3000,17.1600,21.4840,23.6160,22.5160,17.4000,10.8880,2.2440,-4.5320,0.0000,0.0000,0.0000,39.0000,221.9600,344.5200,422.0960,387.9960,222.0000,27.5280,0.0000,0.0000,1637.5720,1665.1000,408.1486,16.4663,129.2004,16.8000,43.1000,40.1000,428.0000,1.2400,19.3000,7.0000,42.8000
117.3542,40.2708,27.5040,-13.5120,186.0000,8.8835,11.5670,28.2012,1117.1729,27.5040,-13.5120,41.0160,21.8933,-5.6633,21.8933,-5.6633,554.0000,186.0000,3.0000,129.5822,409.0000,10.0000,409.0000,10.0000,3.0000,4.0000,8.0000,17.0000,36.0000,75.0000,186.0000,148.0000,50.0000,18.0000,6.0000,3.0000,-7.4360,-4.4560,2.1120,10.6200,16.4800,20.8200,22.9800,21.8880,16.7520,10.3040,1.6440,-5.0960,0.0000,0.0000,0.0000,18.6000,200.8800,324.6000,402.3800,368.5280,202.5600,9.4240,0.0000,0.0000,1517.5480,1526.9720,529.3122,18.4903,235.4405,16.2000,46.7000,37.1000,400.0000,1.2600,19.9000,7.1000,40.0000
117.3958,40.2708,27.2000,-13.9200,185.0000,8.5242,11.6357,28.2969,1117.4526,27.2000,-13.9200,41.1200,21.5527,-6.0213,21.5527,-6.0213,557.0000,185.0000,3.0000,128.7974,410.0000,10.0000,410.0000,10.0000,3.0000,4.0000,8.0000,18.0000,36.0000,76.0000,185.0000,149.0000,51.0000,18.0000,6.0000,3.0000,-7.7960,-4.8160,1.7440,10.2360,16.1200,20.4560,22.6560,21.5400,16.3600,9.9240,1.2880,-5.4560,0.0000,0.0000,0.0000,7.0800,189.7200,313.6800,392.3360,357.7400,190.8000,0.0000,0.0000,0.0000,1451.3561,1451.3561,615.2847,18.4554,50.5442,15.9000,48.2000,36.0000,435.0000,1.2400,19.6000,7.0000,43.5000
117.4375,40.2708,28.0000,-13.4120,186.0000,9.2840,11.7567,28.3895,1126.0802,28.0000,-13.4120,41.4120,22.3760,-5.4100,22.3760,-5.4100,549.0000,186.0000,3.0000,130.6712,407.0000,10.0000,407.0000,10.0000,3.0000,4.0000,8.0000,17.0000,35.0000,73.0000,186.0000,148.0000,49.0000,17.0000,6.0000,3.0000,-7.2560,-4.1360,2.5600,11.1160,16.9800,21.2800,23.4680,22.3920,17.1920,10.6680,2.0000,-4.8480,0.0000,0.0000,0.0000,33.4800,216.3800,338.4000,417.5080,384.1520,215.7600,20.7080,0.0000,0.0000,1605.6800,1626.3880,419.1063,17.9039,113.0210,15.9000,47.5000,36.5000,457.0000,1.2300,19.8000,6.9000,45.7000
117.4792,40.2708,27.9600,-13.6400,185.0000,9.2253,11.8467,28.4776,1129.1898,27.9600,-13.6400,41.6000,22.3407,-5.5200,22.3407,-5.5200,549.0000,185.0000,3.0000,130.5534,407.0000,10.0000,407.0000,10.0000,3.0000,4.0000,8.0000,17.0000,35.0000,73.0000,185.0000,149.0000,49.0000,17.0000,6.0000,3.0000,-7.3720,-4.2000,2.4920,11.0720,16.9520,21.2600,23.4240,22.3640,17.1520,10.6200,1.9400,-4.9680,0.0000,0.0000,0.0000,32.1600,215.5120,337.8000,416.1440,383.2840,214.5600,19.2200,0.0000,0.0000,1599.4600,1618.6800,419.5739,15.2551,280.0312,15.5000,44.4000,40.0000,464.0000,1.2200,19.8000,6.8000,46.4000
117.5208,40.2708,27.4840,-14.0920,186.0000,8.7315,11.7763,28.3248,1129.6954,27.4840,-14.0920,41.5760,21.8673,-6.0067,21.8673,-6.0067,558.0000,186.0000,3.0000,129.5487,412.0000,10.0000,412.0000,10.0000,3.0000,4.0000,8.0000,18.0000,36.0000,75.0000,186.0000,151.0000,50.0000,18.0000,6.0000,3.0000,-7.8360,-4.7320,1.9400,10.5040,16.4560,20.7720,22.9600,21.8760,16.6800,10.1560,1.4520,-5.4520,0.0000,0.0000,0.0000,15.1200,200.1360,323.1600,401.7600,368.1560,200.4000,4.8360,0.0000,0.0000,1508.7319,1513.5679,499.0481,13.8744,180.7456,14.6000,43.2000,42.3000,517.0000,1.2000,19.7000,6.7000,51.7000
116.8125,40.2292,30.2880,-11.6040,190.0000,11.4060,12.2693,29.2880,1124.4950,30.2880,-11.6040,41.8920,24.4740,-3.2347,24.4740,-3.2347,522.0000,190.0000,3.0000,136.3769,396.0000,11.0000,396.0000,11.0000,4.0000,3.0000,6.0000,13.0000,30.0000,68.0000,190.0000,138.0000,45.0000,16.0000,5.0000,4.0000,-5.2080,-1.6680,5.0080,13.4920,19.2040,23.6880,25.5720,24.2000,19.2000,12.5280,3.6880,-2.8360,0.0000,0.0000,0.0000,104.7600,285.3240,410.6400,482.7320,440.2000,276.0000,78.3680,0.0000,0.0000,1999.6561,2078.0241,52.4041,0.9380,123.6650,17.2000,45.9000,36.8000,226.0000,1.3100,17.8000,7.6000,22.6000
116.8542,40.2292,30.1360,-11.3000,189.0000,11.4118,12.0537,29.0898,1118.9941,30.1360,-11.3000,41.4360,24.4153,-3.1520,24.4153,-3.1520,518.0000,189.0000,3.0000,136.6898,394.0000,11.0000,394.0000,11.0000,4.0000,3.0000,6.0000,12.0000,30.0000,68.0000,189.0000,137.0000,44.0000,16.0000,5.0000,4.0000,-5.0640,-1.6520,4.9760,13.4640,19.1720,23.6000,25.4680,24.1840,19.1760,12.5720,3.7720,-2.7280,0.0000,0.0000,0.0000,103.9200,284.3320,408.0000,479.5080,439.7040,275.2800,79.7320,0.0000,0.0000,1990.7441,2070.4761,57.6478,1.9975,221.4875,17.9000,45.5000,36.6000,301.0000,1.2900,18.1000,7.3000,30.1000
116.8958,40.2292,29.5320,-11.5800,189.0000,10.9628,11.9743,29.1261,1113.4851,29.5320,-11.5800,41.1120,23.8833,-3.5380,23.8833,-3.5380,522.0000,189.0000,3.0000,136.2658,396.0000,10.0000,396.0000,10.0000,4.0000,3.0000,7.0000,13.0000,31.0000,68.0000,189.0000,139.0000,45.0000,15.0000,5.0000,3.0000,-5.4200,-2.1440,4.4640,12.9720,18.7320,23.0640,24.9000,23.7000,18.7080,12.1720,3.4680,-3.0480,0.0000,0.0000,0.0000,89.1600,270.6920,391.9200,461.9000,424.7000,261.2400,67.3320,0.0000,0.0000,1899.6120,1966.9440,162.6351,9.5237,207.7399,18.9000,44.0000,37.1000,351.0000,1.2800,19.2000,7.1000,35.1000
116.9375,40.2292,29.2840,-11.8000,190.0000,10.7170,11.9073,28.9829,1114.0333,29.2840,-11.8000,41.0840,23.6433,-3.7980,23.6433,-3.7980,525.0000,190.0000,3.0000,136.3183,398.0000,10.0000,398.0000,10.0000,4.0000,3.0000,7.0000,13.0000,31.0000,68.0000,190.0000,140.0000,46.0000,15.0000,5.0000,3.0000,-5.6880,-2.4240,4.1680,12.7040,18.4840,22.7480,24.6600,23.4920,18.4800,11.9480,3.2800,-3.2920,0.0000,0.0000,0.0000,81.1200,263.0040,382.4400,454.4600,418.2520,254.4000,60.3880,0.0000,0.0000,1853.6760,1914.0640,209.5252,10.1270,198.7997,18.6000,44.4000,36.9000,321.0000,1.2800,19.7000,7.1000,32.1000
116.9792,40.2292,29.3400,-11.8560,190.0000,10.7363,11.8547,28.7763,1117.1008,29.3400,-11.8560,41.1960,23.7013,-3.8240,23.7013,-3.8240,526.0000,190.0000,3.0000,135.9708,398.0000,10.0000,398.0000,10.0000,4.0000,3.0000,7.0000,13.0000,31.0000,68.0000,190.0000,140.0000,46.0000,16.0000,5.0000,3.0000,-5.7280,-2.4320,4.2000,12.7520,18.5120,22.7600,24.7560,23.5920,18.5120,11.9640,3.2920,-3.3120,0.0000,0.0000,0.0000,82.5600,263.8720,382.8000,457.4360,421.3520,255.3600,60.8840,0.0000,0.0000,1863.3801,1924.2640,191.6255,11.0772,104.7422,17.9000,45.4000,36.6000,272.0000,1.2900,19.4000,7.2000,27.2000
117.0208,40.2292,29.7680,-11.6760,189.0000,11.1413,11.9720,28.8872,1121.5060,29.7680,-11.6760,41.4440,24.1427,-3.4927,24.1427,-3.4927,519.0000,189.0000,3.0000,136.9496,394.0000,10.0000,394.0000,10.0000,4.0000,3.0000,6.0000,13.0000,30.0000,66.0000,189.0000,139.0000,45.0000,16.0000,5.0000,3.0000,-5.4440,-2.0160,4.6680,13.2640,18.9480,23.1640,25.1840,24.0680,18.9200,12.3120,3.6240,-3.0080,0.0000,0.0000,0.0000,97.9200,277.3880,394.9200,470.7040,436.1080,267.6000,71.6720,0.0000,0.0000,1944.6400,2016.3120,74.5256,3.4692,175.0062,17.1000,46.9000,36.0000,201.0000,1.3100,19.6000,7.5000,20.1000
117.0625,40.2292,29.4760,-11.7680,188.0000,10.9142,11.8670,28.7727,1117.6938,29.4760,-11.7680,41.2440,23.8767,-3.6700,23.8767,-3.6700,520.0000,188.0000,3.0000,136.7065,395.0000,10.0000,395.0000,10.0000,4.0000,3.0000,6.0000,13.0000,30.0000,67.0000,188.0000,140.0000,46.0000,15.0000,5.0000,3.0000,-5.6000,-2.2360,4.4280,12.9800,18.6960,22.9160,24.9160,23.8000,18.6640,12.1280,3.4640,-3.2000,0.0000,0.0000,0.0000,89.4000,269.5760,387.4800,462.3960,427.8000,259.9200,65.9680,0.0000,0.0000,1896.5719,1962.5400,139.6051,8.5352,235.9415,17.5000,47.9000,34.7000,216.0000,1.3000,19.2000,7.4000,21.6000
117.1042,40.2292,28.9520,-12.0000,189.0000,10.4600,11.7040,28.5798,1113.5997,28.9520,-12.0000,40.9520,23.3867,-4.0640,23.3867,-4.0640,530.0000,189.0000,3.0000,135.5735,401.0000,9.0000,401.0000,9.0000,3.0000,3.0000,7.0000,14.0000,31.0000,69.0000,189.0000,143.0000,47.0000,16.0000,5.0000,3.0000,-5.9360,-2.7000,3.9240,12.3920,18.1600,22.4280,24.4320,23.3080,18.2280,11.7600,3.0880,-3.5600,0.0000,0.0000,0.0000,71.7600,252.9600,372.8400,447.3920,412.5480,246.8400,54.5600,0.0000,0.0000,1804.3400,1858.9000,260.0592,14.5556,211.1849,18.2000,47.8000,34.1000,310.0000,1.2800,18.1000,7.2000,31.0000
117.1458,40.2292,28.7080,-12.0880,190.0000,10.2455,11.5430,28.2944,1112.6576,28.7080,-12.0880,40.7960,23.1733,-4.2587,23.1733,-4.2587,534.0000,190.0000,3.0000,135.2367,403.0000,9.0000,403.0000,9.0000,3.0000,3.0000,7.0000,15.0000,32.0000,69.0000,190.0000,144.0000,47.0000,16.0000,5.0000,3.0000,-6.1000,-2.9600,3.6400,12.1000,17.8960,22.1760,24.2200,23.1320,18.0600,11.5840,2.9280,-3.7200,0.0000,0.0000,0.0000,63.0000,244.7760,365.2800,440.8200,407.0920,241.8000,49.1040,0.0000,0.0000,1762.7680,1811.8720,300.3106,16.9905,163.3858,18.2000,46.9000,35.0000,415.0000,1.2500,17.3000,7.0000,41.5000
117.1875,40.2292,28.7760,-12.0120,189.0000,10.2953,11.4493,28.0703,1114.3280,28.7760,-12.0120,40.7880,23.2480,-4.2273,23.2480,-4.2273,534.0000,189.0000,3.0000,134.8465,403.0000,9.0000,403.0000,9.0000,3.0000,3.0000,7.0000,15.0000,32.0000,70.0000,189.0000,144.0000,47.0000,16.0000,5.0000,3.0000,-6.0680,-2.9400,3.6240,12.1120,17.9120,22.2160,24.2920,23.2360,18.1520,11.6480,3.0160,-3.6640,0.0000,0.0000,0.0000,63.3600,245.2720,366.4800,443.0520,410.3160,244.5600,51.0880,0.0000,0.0000,1773.0400,1824.1280,269.0496,16.2002,194.4662,17.7000,45.5000,36.9000,439.0000,1.2500,18.0000,7.1000,43.9000
117.2292,40.2292,28.7600,-12.2280,189.0000,10.2147,11.5767,28.2440,1116.0026,28.7600,-12.2280,40.9880,23.1860,-4.3327,23.1860,-4.3327,535.0000,189.0000,3.0000,134.9245,404.0000,9.0000,404.0000,9.0000,3.0000,3.0000,7.0000,15.0000,32.0000,70.0000,189.0000,145.0000,47.0000,16.0000,5.0000,3.0000,-6.1760,-3.0480,3.5320,12.0320,17.8600,22.1480,24.2480,23.1640,18.0760,11.5640,2.9320,-3.7760,0.0000,0.0000,0.0000,60.9600,243.6600,364.4400,441.6880,408.0840,242.2800,48.4840,0.0000,0.0000,1761.1120,1809.5960,287.2764,14.4922,159.6229,17.5000,44.0000,38.5000,406.0000,1.2500,18.9000,7.3000,40.6000
117.2708,40.2292,28.9920,-12.2760,188.0000,10.3925,11.7603,28.4975,1120.8300,28.9920,-12.2760,41.2680,23.3993,-4.2353,23.3993,-4.2353,534.0000,188.0000,3.0000,134.7031,403.0000,9.0000,403.0000,9.0000,3.0000,3.0000,7.0000,15.0000,32.0000,70.0000,188.0000,145.0000,47.0000,16.0000,5.0000,3.0000,-6.1120,-2.8960,3.7400,12.2600,18.0880,22.3760,24.4640,23.3760,18.2800,11.7600,3.0800,-3.6800,0.0000,0.0000,0.0000,67.8000,250.7280,371.2800,448.3840,414.6560,248.4000,54.5600,0.0000,0.0000,1801.2480,1855.8080,233.1138,9.7179,200.3570,17.2000,42.5000,40.4000,408.0000,1.2500,19.2000,7.2000,40.8000
117.3125,40.2292,28.9680,-12.3240,188.0000,10.3633,11.7740,28.5140,1121.5914,28.9680,-12.3240,41.2920,23.3800,-4.2807,23.3800,-4.2807,535.0000,188.0000,3.0000,134.7850,404.0000,9.0000,404.0000,9.0000,3.0000,3.0000,7.0000,15.0000,32.0000,70.0000,188.0000,146.0000,47.0000,16.0000,5.0000,3.0000,-6.1760,-2.9320,3.7080,12.2280,18.0480,22.3360,24.4360,23.3680,18.2680,11.7280,3.0760,-3.7280,0.0000,0.0000,0.0000,66.8400,249.4880,370.0800,447.5160,414.4080,248.0400,53.5680,0.0000,0.0000,1796.3720,1849.9400,234.2049,10.2192,176.1205,16.8000,42.4000,40.8000,443.0000,1.2300,18.7000,7.0000,44.3000
117.3542,40.2292,28.5440,-12.5560,188.0000,9.9727,11.6493,28.3439,1118.0066,28.5440,-12.5560,41.1000,22.9620,-4.6160,22.9620,-4.6160,543.0000,188.0000,3.0000,132.9913,407.0000,9.0000,407.0000,9.0000,3.0000,3.0000,7.0000,16.0000,33.0000,72.0000,188.0000,147.0000,48.0000,17.0000,6.0000,3.0000,-6.4680,-3.3280,3.2680,11.7640,17.5880,21.8760,24.0200,22.9800,17.8880,11.3760,2.7440,-4.0520,0.0000,0.0000,0.0000,52.9200,235.2280,356.2800,434.6200,402.3800,236.6400,42.6560,0.0000,0.0000,1718.0680,1760.7240,305.8985,13.1460,234.0362,16.3000,45.8000,38.0000,484.0000,1.2300,18.5000,6.9000,48.4000
117.3958,40.2292,27.8040,-13.2360,189.0000,9.2297,11.6753,28.4487,1113.9274,27.8040,-13.2360,41.0400,22.2073,-5.2813,22.2073,-5.2813,556.0000,189.0000,3.0000,131.1232,413.0000,10.0000,413.0000,10.0000,3.0000,4.0000,8.0000,17.0000,35.0000,74.0000,189.0000,150.0000,50.0000,17.0000,6.0000,3.0000,-7.0760,-4.0520,2.4920,10.9200,16.7800,21.1000,23.2880,22.2200,17.0960,10.6200,2.0440,-4.7120,0.0000,0.0000,0.0000,27.6000,210.1800,333.0000,411.9280,378.8200,212.8800,19.2200,0.0000,0.0000,1574.4080,1593.6280,477.3033,14.8289,193.4014,15.6000,49.6000,34.8000,479.0000,1.2500,18.5000,7.0000,47.9000
117.4375,40.2292,28.2960,-12.9720,188.0000,9.6682,11.7043,28.3618,1122.7203,28.2960,-12.9720,41.2680,22.7213,-4.9840,22.7213,-4.9840,548.0000,188.0000,3.0000,132.3324,409.0000,9.0000,409.0000,9.0000,3.0000,3.0000,7.0000,17.0000,34.0000,72.0000,188.0000,149.0000,49.0000,17.0000,6.0000,3.0000,-6.8280,-3.7040,2.9400,11.4560,17.3040,21.6160,23.7880,22.7720,17.5920,11.0720,2.4440,-4.4040,0.0000,0.0000,0.0000,43.6800,226.4240,348.4800,427.4280,395.9320,227.7600,33.2320,0.0000,0.0000,1669.7040,1702.9360,351.6078,13.2502,183.7925,14.9000,53.3000,31.8000,391.0000,1.2700,17.7000,7.1000,39.1000
117.4792,40.2292,27.2920,-13.9480,188.0000,8.5898,11.6457,28.2388,1121.3778,27.2920,-13.9480,41.2400,21.6680,-6.0053,21.6680,-6.0053,563.0000,188.0000,3.0000,129.6617,416.0000,10.0000,416.0000,10.0000,3.0000,4.0000,8.0000,18.0000,37.0000,76.0000,188.0000,152.0000,50.0000,18.0000,6.0000,3.0000,-7.8000,-4.7920,1.7840,10.2600,16.1960,20.5680,22.7680,21.6800,16.5040,10.0080,1.3600,-5.4280,0.0000,0.0000,0.0000,7.8000,192.0760,317.0400,395.8080,362.0800,195.1200,0.2480,0.0000,0.0000,1469.9241,1470.1721,592.5605,19.6031,268.6335,15.1000,53.8000,31.1000,329.0000,1.2900,17.2000,7.2000,32.9000
117.5208,40.2292,27.0120,-14.1800,188.0000,8.3100,11.5147,27.9536,1123.1925,27.0120,-14.1800,41.1920,21.4080,-6.3120,21.4080,-6.3120,567.0000,188.0000,3.0000,128.8922,417.0000,10.0000,417.0000,10.0000,3.0000,4.0000,9.0000,19.0000,37.0000,76.0000,188.0000,153.0000,51.0000,18.0000,6.0000,3.0000,-8.0920,-5.1240,1.4680,9.9520,15.9000,20.2920,22.5080,21.4280,16.2400,9.7480,1.1120,-5.7120,0.0000,0.0000,0.0000,0.0000,182.9000,308.7600,387.7480,354.2680,187.2000,0.0000,0.0000,0.0000,1420.8759,1420.8759,671.1961,20.2469,306.8159,15.9000,51.1000,33.0000,374.0000,1.2800,18.3000,7.1000,37.4000
116.8125,40.1875,30.3000,-11.7280,193.0000,11.4080,12.2740,29.2043,1127.8512,30.3000,-11.7280,42.0280,24.5107,-3.2793,24.5107,-3.2793,525.0000,193.0000,3.0000,137.0158,399.0000,11.0000,399.0000,11.0000,4.0000,3.0000,7.0000,13.0000,29.0000,68.0000,193.0000,138.0000,45.0000,16.0000,5.0000,4.0000,-5.2880,-1.6960,5.0520,13.5120,19.2040,23.7000,25.6000,24.2800,19.2320,12.5000,3.6360,-2.8680,0.0000,0.0000,0.0000,105.3600,285.3240,411.0000,483.6000,442.6800,276.9600,77.5000,0.0000,0.0000,2004.9240,2082.4240,46.4334,1.0611,202.5364,18.7000,43.9000,37.4000,178.0000,1.3200,19.3000,7.8000,17.8000
116.8542,40.1875,30.2320,-11.5360,193.0000,11.4308,12.1790,29.1587,1123.6919,30.2320,-11.5360,41.7680,24.4927,-3.2007,24.4927,-3.2007,522.0000,193.0000,3.0000,137.9333,398.0000,11.0000,398.0000,11.0000,4.0000,3.0000,6.0000,12.0000,29.0000,67.0000,193.0000,138.0000,45.0000,16.0000,5.0000,4.0000,-5.1720,-1.6360,5.0960,13.5000,19.2000,23.6880,25.5760,24.2920,19.2000,12.5600,3.7240,-2.7840,0.0000,0.0000,0.0000,105.0000,285.2000,410.6400,482.8560,443.0520,276.0000,79.3600,0.0000,0.0000,2002.7481,2082.1081,45.3477,0.9120,152.4875,18.3000,43.9000,37.8000,215.0000,1.3200,19.1000,7.8000,21.5000
116.8958,40.1875,30.0680,-11.3480,193.0000,11.4118,12.0450,29.0830,1119.7162,30.0680,-11.3480,41.4160,24.4107,-3.1700,24.4107,-3.1700,519.0000,193.0000,3.0000,138.7247,397.0000,11.0000,397.0000,11.0000,4.0000,3.0000,6.0000,12.0000,29.0000,66.0000,193.0000,138.0000,44.0000,15.0000,5.0000,4.0000,-5.1160,-1.6800,4.9960,13.4680,19.1920,23.5720,25.4440,24.2280,19.1840,12.5680,3.7880,-2.7200,0.0000,0.0000,0.0000,104.0400,284.9520,407.1600,478.7640,441.0680,275.5200,79.6080,0.0000,0.0000,1991.5041,2071.1121,53.5871,2.7192,214.8618,17.7000,43.9000,38.4000,245.0000,1.3100,18.0000,7.6000,24.5000
116.9375,40.1875,29.9480,-11.4200,193.0000,11.3238,12.0277,29.0748,1119.1886,29.9480,-11.4200,41.3680,24.3093,-3.2613,24.3093,-3.2613,523.0000,193.0000,3.0000,137.9309,399.0000,11.0000,399.0000,11.0000,4.0000,3.0000,6.0000,13.0000,30.0000,67.0000,193.0000,139.0000,44.0000,15.0000,5.0000,4.0000,-5.2240,-1.7960,4.8800,13.4080,19.1240,23.4400,25.3400,24.1680,19.1080,12.4720,3.7520,-2.7880,0.0000,0.0000,0.0000,102.2400,282.8440,403.2000,475.5400,439.2080,273.2400,76.6320,0.0000,0.0000,1976.2720,2052.9040,64.0245,4.1741,165.6603,17.5000,43.6000,38.9000,270.0000,1.3000,17.0000,7.5000,27.0000
116.9792,40.1875,30.0000,-11.4360,193.0000,11.3412,11.9963,28.9515,1121.4777,30.0000,-11.4360,41.4360,24.3627,-3.2680,24.3627,-3.2680,525.0000,193.0000,3.0000,137.3269,399.0000,11.0000,399.0000,11.0000,4.0000,3.0000,6.0000,13.0000,30.0000,67.0000,193.0000,139.0000,45.0000,16.0000,5.0000,4.0000,-5.2200,-1.7960,4.8760,13.4000,19.1600,23.4520,25.4120,24.2360,19.1320,12.5080,3.7480,-2.7800,0.0000,0.0000,0.0000,102.0000,283.9600,403.5600,477.7720,441.3160,273.9600,77.7480,0.0000,0.0000,1982.5680,2060.3160,57.6848,3.1733,182.4326,17.7000,42.9000,39.5000,322.0000,1.2800,16.9000,7.6000,32.2000
117.0208,40.1875,30.1040,-11.5200,192.0000,11.3873,12.0607,28.9753,1125.1302,30.1040,-11.5200,41.6240,24.4553,-3.2673,24.4553,-3.2673,524.0000,192.0000,3.0000,137.0894,398.0000,11.0000,398.0000,11.0000,4.0000,3.0000,6.0000,13.0000,30.0000,67.0000,192.0000,139.0000,45.0000,16.0000,5.0000,4.0000,-5.2440,-1.7760,4.9240,13.4760,19.2200,23.5200,25.5120,24.3400,19.2040,12.5000,3.7640,-2.7920,0.0000,0.0000,0.0000,104.2800,285.8200,405.6000,480.8720,444.5400,276.1200,77.5000,0.0000,0.0000,1997.2320,2074.7320,40.9054,1.4667,152.0841,19.4000,41.7000,39.0000,321.0000,1.2800,18.7000,7.7000,32.1000
117.0625,40.1875,30.0480,-11.4880,191.0000,11.4015,11.9857,28.8561,1124.4911,30.0480,-11.4880,41.5360,24.4487,-3.2567,24.4487,-3.2567,522.0000,191.0000,3.0000,136.9279,396.0000,11.0000,396.0000,11.0000,4.0000,3.0000,6.0000,14.0000,30.0000,66.0000,191.0000,139.0000,44.0000,16.0000,5.0000,4.0000,-5.2280,-1.7600,4.9520,13.5200,19.2320,23.5160,25.4960,24.3360,19.2040,12.5560,3.7960,-2.7720,0.0000,0.0000,0.0000,105.6000,286.1920,405.4800,480.3760,444.4160,276.1200,79.2360,0.0000,0.0000,1998.1841,2077.4201,39.0694,1.6174,195.1292,20.6000,41.0000,38.4000,317.0000,1.2700,20.2000,7.7000,31.7000
117.1042,40.1875,29.9360,-11.4800,191.0000,11.3453,11.9307,28.8069,1123.2583,29.9360,-11.4800,41.4160,24.3713,-3.3047,24.3713,-3.3047,525.0000,191.0000,3.0000,136.5611,398.0000,11.0000,398.0000,11.0000,4.0000,3.0000,6.0000,14.0000,30.0000,67.0000,191.0000,140.0000,45.0000,16.0000,5.0000,4.0000,-5.2560,-1.8160,4.8920,13.4080,19.1560,23.4320,25.4160,24.2600,19.1520,12.5360,3.7920,-2.8320,0.0000,0.0000,0.0000,102.2400,283.8360,402.9600,477.8960,442.0600,274.5600,78.6160,0.0000,0.0000,1983.5521,2062.1681,65.8111,4.3522,189.5070,20.5000,41.0000,38.5000,370.0000,1.2500,20.5000,7.6000,37.0000
117.1458,40.1875,29.9360,-11.5240,191.0000,11.3268,11.9210,28.7530,1124.5566,29.9360,-11.5240,41.4600,24.3693,-3.3413,24.3693,-3.3413,527.0000,191.0000,3.0000,136.4524,400.0000,11.0000,400.0000,11.0000,4.0000,3.0000,6.0000,14.0000,30.0000,68.0000,191.0000,141.0000,45.0000,16.0000,5.0000,4.0000,-5.3120,-1.8720,4.8400,13.3600,19.1280,23.4200,25.4200,24.2880,19.1720,12.5560,3.7840,-2.8640,0.0000,0.0000,0.0000,100.8000,282.9680,402.6000,478.0200,442.9280,275.1600,79.2360,0.0000,0.0000,1982.4760,2061.7120,67.6048,3.6163,190.2940,20.0000,40.9000,39.1000,396.0000,1.2400,20.5000,7.6000,39.6000
117.1875,40.1875,29.9440,-11.6640,191.0000,11.2932,11.9677,28.7629,1128.5159,29.9440,-11.6640,41.6080,24.3733,-3.4327,24.3733,-3.4327,530.0000,191.0000,3.0000,135.8493,401.0000,11.0000,401.0000,11.0000,4.0000,3.0000,7.0000,14.0000,31.0000,68.0000,191.0000,142.0000,45.0000,16.0000,5.0000,4.0000,-5.3960,-1.9480,4.7880,13.3360,19.1520,23.4120,25.4000,24.2920,19.1640,12.5200,3.7400,-2.9440,0.0000,0.0000,0.0000,100.0800,283.7120,402.3600,477.4000,443.0520,274.9200,78.1200,0.0000,0.0000,1981.5240,2059.6440,60.3952,1.3784,192.9911,19.1000,42.0000,38.9000,355.0000,1.2600,20.5000,7.6000,35.5000
117.2292,40.1875,29.8400,-11.8800,190.0000,11.1593,12.0193,28.8095,1130.9235,29.8400,-11.8800,41.7200,24.2547,-3.6100,24.2547,-3.6100,533.0000,190.0000,3.0000,134.9306,402.0000,11.0000,402.0000,11.0000,4.0000,3.0000,7.0000,15.0000,31.0000,69.0000,190.0000,143.0000,46.0000,16.0000,5.0000,4.0000,-5.5800,-2.1320,4.6360,13.2080,19.0480,23.2920,25.2920,24.1800,19.0520,12.4000,3.6120,-3.1160,0.0000,0.0000,0.0000,96.2400,280.4880,398.7600,474.0520,439.5800,271.5600,74.4000,0.0000,0.0000,1960.6800,2035.0800,80.1301,1.8641,202.0137,18.1000,43.8000,38.1000,325.0000,1.2700,20.2000,7.6000,32.5000
117.2708,40.1875,29.7120,-11.9200,189.0000,11.0560,11.8873,28.5534,1130.7837,29.7120,-11.9200,41.6320,24.1467,-3.7253,24.1467,-3.7253,533.0000,189.0000,3.0000,134.7802,402.0000,11.0000,402.0000,11.0000,4.0000,3.0000,7.0000,15.0000,31.0000,69.0000,189.0000,144.0000,46.0000,16.0000,5.0000,4.0000,-5.7120,-2.2800,4.4600,13.0520,18.8840,23.1360,25.1880,24.1240,19.0000,12.3640,3.6400,-3.1760,0.0000,0.0000,0.0000,91.5600,275.4040,394.0800,470.8280,437.8440,270.0000,73.2840,0.0000,0.0000,1939.7160,2013.0000,93.8020,1.9276,200.6585,17.2000,45.3000,37.4000,307.0000,1.2700,19.5000,7.6000,30.7000
117.3125,40.1875,29.4360,-11.9240,188.0000,10.8525,11.6770,28.2326,1127.1805,29.4360,-11.9240,41.3600,23.9127,-3.8793,23.9127,-3.8793,531.0000,188.0000,3.0000,134.7230,400.0000,11.0000,400.0000,11.0000,4.0000,3.0000,7.0000,15.0000,31.0000,68.0000,188.0000,144.0000,46.0000,16.0000,5.0000,4.0000,-5.8520,-2.5280,4.1760,12.7280,18.5880,22.8640,24.9400,23.9280,18.8240,12.2280,3.5640,-3.2680,0.0000,0.0000,0.0000,81.8400,266.2280,385.9200,463.1400,431.7680,264.7200,69.0680,0.0000,0.0000,1893.6160,1962.6840,127.5181,5.5145,220.6322,17.1000,49.5000,33.3000,360.0000,1.2700,17.6000,7.4000,36.0000
117.3542,40.1875,28.9880,-12.2200,189.0000,10.4258,11.7090,28.4144,1122.1353,28.9880,-12.2200,41.2080,23.4453,-4.2260,23.4453,-4.2260,537.0000,189.0000,3.0000,135.0862,406.0000,9.0000,406.0000,9.0000,3.0000,3.0000,7.0000,15.0000,32.0000,70.0000,189.0000,147.0000,47.0000,16.0000,5.0000,3.0000,-6.1320,-2.9000,3.7600,12.2640,18.1000,22.3840,24.4720,23.4760,18.3720,11.8200,3.1560,-3.6480,0.0000,0.0000,0.0000,67.9200,251.1000,371.5200,448.6320,417.7560,251.1600,56.4200,0.0000,0.0000,1808.0880,1864.5080,215.7839,10.7878,225.5080,17.0000,53.2000,29.8000,419.0000,1.2600,16.7000,7.2000,41.9000
117.3958,40.1875,28.6560,-12.6120,190.0000,10.0740,11.7953,28.5823,1120.2072,28.6560,-12.6120,41.2680,23.0860,-4.5527,23.0860,-4.5527,545.0000,190.0000,3.0000,133.9117,409.0000,9.0000,409.0000,9.0000,3.0000,3.0000,7.0000,16.0000,33.0000,70.0000,190.0000,149.0000,48.0000,17.0000,6.0000,3.0000,-6.4440,-3.2680,3.4000,11.8680,17.7040,22.0040,24.1360,23.1200,17.9920,11.4520,2.8440,-3.9680,0.0000,0.0000,0.0000,56.0400,238.8240,360.1200,438.2160,406.7200,239.7600,45.0120,0.0000,0.0000,1739.6800,1784.6920,293.8375,10.6000,180.1086,16.2000,54.5000,29.2000,438.0000,1.2600,17.1000,7.2000,43.8000
117.4375,40.1875,28.8520,-12.7120,189.0000,10.1937,11.8880,28.6017,1128.4357,28.8520,-12.7120,41.5640,23.2873,-4.5520,23.2873,-4.5520,545.0000,189.0000,3.0000,133.9558,410.0000,9.0000,410.0000,9.0000,3.0000,3.0000,7.0000,16.0000,33.0000,71.0000,189.0000,150.0000,48.0000,16.0000,6.0000,3.0000,-6.4760,-3.2160,3.5240,12.0600,17.9120,22.1880,24.3280,23.3320,18.1480,11.5720,2.9000,-3.9600,0.0000,0.0000,0.0000,61.8000,245.2720,365.6400,444.1680,413.2920,244.4400,48.7320,0.0000,0.0000,1774.6120,1823.3441,239.1953,6.5963,243.9618,15.5000,54.8000,29.7000,422.0000,1.2600,17.8000,7.3000,42.2000
117.4792,40.1875,28.4520,-12.9400,189.0000,9.8233,11.7840,28.4693,1125.4067,28.4520,-12.9400,41.3920,22.8933,-4.8753,22.8933,-4.8753,554.0000,189.0000,3.0000,132.2973,414.0000,10.0000,414.0000,10.0000,3.0000,4.0000,7.0000,17.0000,34.0000,73.0000,189.0000,152.0000,49.0000,17.0000,6.0000,3.0000,-6.7480,-3.5920,3.1120,11.6360,17.4960,21.7960,23.9400,22.9440,17.7720,11.2320,2.5720,-4.2680,0.0000,0.0000,0.0000,49.0800,232.3760,353.8800,432.1400,401.2640,233.1600,38.1920,0.0000,0.0000,1701.9000,1740.0920,320.4306,9.6087,217.3506,17.3000,45.3000,37.3000,395.0000,1.2700,20.6000,6.8000,39.5000
117.5208,40.1875,27.9280,-13.0760,190.0000,9.3925,11.5143,28.0810,1118.3961,27.9280,-13.0760,41.0040,22.4087,-5.1933,22.4087,-5.1933,562.0000,190.0000,3.0000,131.3821,418.0000,10.0000,418.0000,10.0000,3.0000,4.0000,8.0000,18.0000,35.0000,74.0000,190.0000,154.0000,50.0000,17.0000,6.0000,3.0000,-7.0160,-3.9920,2.6120,11.0800,16.9240,21.2880,23.4680,22.4840,17.3400,10.8680,2.2600,-4.5720,0.0000,0.0000,0.0000,32.4000,214.6440,338.6400,417.5080,387.0040,220.2000,26.9080,0.0000,0.0000,1610.3960,1637.3040,353.2308,9.2787,206.2957,17.5000,43.9000,38.5000,382.0000,1.2700,20.5000,6.7000,38.2000
116.8125,40.1458,30.3760,-11.6040,197.0000,11.4918,12.1943,29.0480,1130.9506,30.3760,-11.6040,41.9800,24.6247,-3.2327,24.6247,-3.2327,531.0000,197.0000,3.0000,137.7248,404.0000,11.0000,404.0000,11.0000,4.0000,3.0000,7.0000,13.0000,30.0000,68.0000,197.0000,139.0000,45.0000,16.0000,5.0000,4.0000,-5.2400,-1.6440,5.1320,13.6240,19.3360,23.7680,25.6800,24.4040,19.3520,12.5760,3.7040,-2.7880,0.0000,0.0000,0.0000,108.7200,289.4160,413.0400,486.0800,446.5240,280.5600,79.8560,0.0000,0.0000,2024.3400,2104.1960,37.8827,0.9934,235.6539,21.3000,42.5000,36.1000,144.0000,1.3300,20.2000,7.9000,14.4000
116.8542,40.1458,30.3480,-11.6040,197.0000,11.4743,12.1953,29.0697,1128.5487,30.3480,-11.6040,41.9520,24.5913,-3.2140,24.5913,-3.2140,530.0000,197.0000,3.0000,138.0264,404.0000,11.0000,404.0000,11.0000,4.0000,3.0000,7.0000,13.0000,29.0000,68.0000,197.0000,139.0000,45.0000,16.0000,5.0000,4.0000,-5.2040,-1.6080,5.1000,13.5720,19.2800,23.7440,25.6600,24.3680,19.3040,12.6000,3.7000,-2.8000,0.0000,0.0000,0.0000,107.1600,287.6800,412.3200,485.4600,445.4080,279.1200,80.6000,0.0000,0.0000,2017.1479,2097.7479,40.2357,0.8804,133.1823,18.4000,42.3000,39.3000,145.0000,1.3400,20.0000,7.9000,14.5000
116.8958,40.1458,30.2520,-11.4960,196.0000,11.4607,12.0920,28.9643,1126.1750,30.2520,-11.4960,41.7480,24.5487,-3.1973,24.5487,-3.1973,527.0000,196.0000,3.0000,138.2208,402.0000,11.0000,402.0000,11.0000,4.0000,3.0000,7.0000,13.0000,29.0000,67.0000,196.0000,139.0000,44.0000,16.0000,5.0000,4.0000,-5.2000,-1.6240,5.0800,13.5240,19.2840,23.6760,25.6120,24.3520,19.2880,12.5880,3.7200,-2.7400,0.0000,0.0000,0.0000,105.7200,287.8040,410.2800,483.9720,444.9120,278.6400,80.2280,0.0000,0.0000,2011.3280,2091.5560,40.3480,1.8573,190.1986,18.1000,42.4000,39.4000,150.0000,1.3300,19.7000,7.8000,15.0000
116.9375,40.1458,30.1960,-11.5400,196.0000,11.4303,12.1013,28.9950,1125.7751,30.1960,-11.5400,41.7360,24.5107,-3.2200,24.5107,-3.2200,526.0000,196.0000,3.0000,138.8378,402.0000,11.0000,402.0000,11.0000,4.0000,3.0000,6.0000,13.0000,29.0000,66.0000,196.0000,140.0000,44.0000,16.0000,5.0000,4.0000,-5.2120,-1.7080,4.9920,13.4920,19.2440,23.6080,25.5720,24.3360,19.2640,12.5520,3.7360,-2.7600,0.0000,0.0000,0.0000,104.7600,286.5640,408.2400,482.7320,444.4160,277.9200,79.1120,0.0000,0.0000,2004.6319,2083.7439,41.2575,1.8676,77.4825,18.4000,42.4000,39.2000,162.0000,1.3300,19.6000,7.8000,16.2000
116.9792,40.1458,30.1960,-11.5320,195.0000,11.4515,12.0530,28.8847,1126.3602,30.1960,-11.5320,41.7280,24.5367,-3.2013,24.5367,-3.2013,525.0000,195.0000,3.0000,138.6003,401.0000,11.0000,401.0000,11.0000,4.0000,3.0000,6.0000,13.0000,29.0000,66.0000,195.0000,140.0000,44.0000,16.0000,5.0000,4.0000,-5.2000,-1.7000,5.0000,13.5000,19.2960,23.6280,25.5960,24.3960,19.2960,12.6000,3.7640,-2.7040,0.0000,0.0000,0.0000,105.0000,288.1760,408.8400,483.4760,446.2760,278.8800,80.6000,0.0000,0.0000,2010.6480,2091.2480,33.6968,1.0151,149.3354,19.9000,41.9000,38.2000,163.0000,1.3300,20.3000,7.8000,16.3000
117.0208,40.1458,30.2200,-11.5000,195.0000,11.4628,12.0123,28.7927,1128.2836,30.2200,-11.5000,41.7200,24.5840,-3.2027,24.5840,-3.2027,526.0000,195.0000,3.0000,138.4169,402.0000,11.0000,402.0000,11.0000,4.0000,3.0000,6.0000,13.0000,29.0000,67.0000,195.0000,140.0000,44.0000,16.0000,5.0000,4.0000,-5.2000,-1.7000,4.9680,13.5000,19.3000,23.6720,25.6360,24.4200,19.3240,12.6040,3.7800,-2.7080,0.0000,0.0000,0.0000,105.0000,288.3000,410.1600,484.7160,447.0200,279.7200,80.7240,0.0000,0.0000,2014.9160,2095.6400,31.5796,0.9139,148.0461,21.3000,41.2000,37.4000,160.0000,1.3400,21.0000,7.8000,16.0000
117.0625,40.1458,30.3280,-11.4080,194.0000,11.5362,11.9617,28.6603,1129.8998,30.3280,-11.4080,41.7360,24.6740,-3.1560,24.6740,-3.1560,526.0000,194.0000,3.0000,138.2404,402.0000,11.0000,402.0000,11.0000,4.0000,3.0000,6.0000,13.0000,29.0000,67.0000,194.0000,141.0000,44.0000,16.0000,5.0000,4.0000,-5.1440,-1.6400,5.0240,13.5760,19.3480,23.7400,25.7440,24.5400,19.4120,12.6800,3.8400,-2.6840,0.0000,0.0000,0.0000,107.2800,289.7880,412.2000,488.0640,450.7400,282.3600,83.0800,0.0000,0.0000,2030.4320,2113.5120,27.5803,0.9608,152.8989,21.0000,41.2000,37.8000,162.0000,1.3400,20.2000,7.8000,16.2000
117.1042,40.1458,30.5440,-11.2600,198.0000,11.6478,11.9270,28.5308,1135.2539,30.5440,-11.2600,41.8040,24.8573,-3.1040,24.8573,-3.1040,542.0000,198.0000,3.0000,136.8283,412.0000,12.0000,412.0000,12.0000,5.0000,3.0000,7.0000,14.0000,30.0000,70.0000,198.0000,144.0000,45.0000,17.0000,5.0000,4.0000,-5.1000,-1.5600,5.1000,13.6680,19.5160,23.8960,25.9200,24.7400,19.5680,12.7680,3.9000,-2.6800,0.0000,0.0000,0.0000,110.0400,294.9960,416.8800,493.5200,456.9400,287.0400,85.8080,0.0000,0.0000,2059.4160,2145.2240,30.4808,0.9946,267.4490,20.8000,41.3000,37.9000,160.0000,1.3300,19.0000,7.8000,16.0000
117.1458,40.1458,30.5000,-11.5200,194.0000,11.5840,12.0613,28.7038,1139.1089,30.5000,-11.5200,42.0200,24.8193,-3.2313,24.8193,-3.2313,534.0000,194.0000,3.0000,136.7318,406.0000,11.0000,406.0000,11.0000,4.0000,3.0000,7.0000,14.0000,30.0000,69.0000,194.0000,143.0000,45.0000,16.0000,5.0000,4.0000,-5.2400,-1.6760,5.0320,13.6360,19.5160,23.8640,25.8640,24.7120,19.5240,12.7160,3.8280,-2.7800,0.0000,0.0000,0.0000,109.0800,294.9960,415.9200,491.7840,456.0720,285.7200,84.1960,0.0000,0.0000,2053.5721,2137.7681,30.0950,1.0495,203.8962,20.6000,41.9000,37.5000,163.0000,1.3300,19.1000,7.8000,16.3000
117.1875,40.1458,30.2520,-11.8720,192.0000,11.4122,12.1817,28.9186,1139.5333,30.2520,-11.8720,42.1240,24.6187,-3.4407,24.6187,-3.4407,531.0000,192.0000,3.0000,136.6471,404.0000,11.0000,404.0000,11.0000,4.0000,3.0000,6.0000,14.0000,30.0000,69.0000,192.0000,143.0000,45.0000,16.0000,5.0000,4.0000,-5.4760,-1.8600,4.9160,13.5160,19.4040,23.6840,25.6560,24.5080,19.3440,12.5640,3.6720,-2.9840,0.0000,0.0000,0.0000,105.4800,291.5240,410.5200,485.3360,449.7480,280.3200,79.4840,0.0000,0.0000,2022.9280,2102.4120,38.4084,1.0342,289.7532,19.8000,43.4000,36.8000,173.0000,1.3300,19.8000,7.7000,17.3000
117.2292,40.1458,29.7720,-11.9880,192.0000,11.0603,11.9673,28.6574,1134.5481,29.7720,-11.9880,41.7600,24.1973,-3.7500,24.1973,-3.7500,534.0000,192.0000,3.0000,136.1751,405.0000,11.0000,405.0000,11.0000,4.0000,3.0000,6.0000,14.0000,31.0000,69.0000,192.0000,144.0000,46.0000,16.0000,5.0000,4.0000,-5.7440,-2.2480,4.5360,13.1040,18.9840,23.2400,25.2240,24.1320,18.9800,12.3080,3.4560,-3.2440,0.0000,0.0000,0.0000,93.1200,278.5040,397.2000,471.9440,438.0920,269.4000,71.5480,0.0000,0.0000,1948.2599,2019.8079,102.9261,6.3221,306.0814,18.7000,45.8000,35.5000,197.0000,1.3200,19.3000,7.6000,19.7000
117.2708,40.1458,29.2440,-11.9960,192.0000,10.6488,11.5863,28.0949,1126.8010,29.2440,-11.9960,41.2400,23.7093,-4.0660,23.7093,-4.0660,538.0000,192.0000,3.0000,135.7448,407.0000,10.0000,407.0000,10.0000,3.0000,3.0000,7.0000,15.0000,31.0000,69.0000,192.0000,146.0000,47.0000,16.0000,5.0000,4.0000,-6.0240,-2.7240,3.9960,12.5560,18.4080,22.6680,24.7560,23.6920,18.5880,12.0120,3.2760,-3.4760,0.0000,0.0000,0.0000,76.6800,260.6480,380.0400,457.4360,424.4520,257.6400,62.3720,0.0000,0.0000,1856.8960,1919.2680,186.8669,10.6756,330.8920,18.1000,49.7000,32.2000,269.0000,1.2900,18.3000,7.3000,26.9000
117.3125,40.1458,28.8880,-12.1880,192.0000,10.3305,11.4750,27.9360,1122.5446,28.8880,-12.1880,41.0760,23.3633,-4.3207,23.3633,-4.3207,542.0000,192.0000,3.0000,134.9956,409.0000,10.0000,409.0000,10.0000,3.0000,3.0000,7.0000,15.0000,32.0000,70.0000,192.0000,147.0000,47.0000,16.0000,6.0000,4.0000,-6.2360,-3.0480,3.6040,12.1360,17.9840,22.2920,24.4000,23.3880,18.2880,11.7320,3.0920,-3.6600,0.0000,0.0000,0.0000,64.0800,247.5040,368.7600,446.4000,415.0280,248.6400,53.6920,0.0000,0.0000,1790.4120,1844.1040,251.5694,13.5867,14.7991,18.3000,51.3000,30.4000,493.0000,1.2300,17.6000,7.1000,49.3000
117.3542,40.1458,28.8640,-12.3520,192.0000,10.2662,11.6283,28.2132,1122.7278,28.8640,-12.3520,41.2160,23.3007,-4.3867,23.3007,-4.3867,546.0000,192.0000,3.0000,134.5840,411.0000,10.0000,411.0000,10.0000,3.0000,3.0000,7.0000,16.0000,32.0000,70.0000,192.0000,149.0000,48.0000,16.0000,6.0000,4.0000,-6.2920,-3.0920,3.5720,12.0880,17.9160,22.2160,24.3600,23.3360,18.2120,11.6400,3.0040,-3.7640,0.0000,0.0000,0.0000,62.6400,245.3960,366.4800,445.1600,413.4160,246.3600,50.8400,0.0000,0.0000,1779.4520,1830.2920,253.7685,15.0080,284.3159,18.1000,51.9000,30.0000,572.0000,1.2100,17.4000,7.2000,57.2000
117.3958,40.1458,29.0000,-12.4560,191.0000,10.3628,11.8177,28.5065,1125.0562,29.0000,-12.4560,41.4560,23.4173,-4.3360,23.4173,-4.3360,547.0000,191.0000,3.0000,134.1715,411.0000,10.0000,411.0000,10.0000,3.0000,3.0000,7.0000,16.0000,33.0000,70.0000,191.0000,150.0000,48.0000,16.0000,6.0000,4.0000,-6.2840,-3.0120,3.6960,12.2280,18.0440,22.3000,24.4800,23.4560,18.2960,11.7320,3.0840,-3.7200,0.0000,0.0000,0.0000,66.8400,249.3640,369.0000,448.8800,417.1360,248.8800,53.6920,0.0000,0.0000,1800.0999,1853.7920,227.3522,9.5180,86.0899,17.4000,55.7000,26.8000,433.0000,1.2300,16.7000,7.4000,43.3000
117.4375,40.1458,28.9160,-12.5840,190.0000,10.2822,11.8863,28.6418,1125.3037,28.9160,-12.5840,41.5000,23.3427,-4.4147,23.3427,-4.4147,548.0000,190.0000,3.0000,133.7163,411.0000,10.0000,411.0000,10.0000,3.0000,3.0000,7.0000,17.0000,33.0000,70.0000,190.0000,151.0000,48.0000,16.0000,6.0000,4.0000,-6.3600,-3.0960,3.6280,12.1520,17.9800,22.2240,24.4000,23.3960,18.2160,11.6480,2.9960,-3.8040,0.0000,0.0000,0.0000,64.5600,247.3800,366.7200,446.4000,415.2760,246.4800,51.0880,0.0000,0.0000,1786.8160,1837.9040,234.1810,7.7224,257.1953,16.5000,55.4000,28.1000,259.0000,1.2800,17.0000,7.4000,25.9000
117.4792,40.1458,28.6520,-12.5320,191.0000,10.1313,11.7960,28.6422,1117.6252,28.6520,-12.5320,41.1840,23.1220,-4.4573,23.1220,-4.4573,554.0000,191.0000,3.0000,133.2330,415.0000,9.0000,415.0000,9.0000,3.0000,3.0000,7.0000,17.0000,34.0000,72.0000,191.0000,152.0000,49.0000,17.0000,6.0000,3.0000,-6.3400,-3.1800,3.4640,11.9080,17.7280,22.0080,24.1520,23.1920,18.0120,11.5240,2.9280,-3.8640,0.0000,0.0000,0.0000,57.2400,239.5680,360.2400,438.7120,408.9520,240.3600,47.2440,0.0000,0.0000,1745.0720,1792.3160,286.1995,10.5121,193.7937,16.5000,50.6000,32.9000,284.0000,1.2800,18.0000,7.3000,28.4000
117.5208,40.1458,28.7160,-12.2280,191.0000,10.2737,11.5653,28.2467,1116.3733,28.7160,-12.2280,40.9440,23.2500,-4.3027,23.2500,-4.3027,554.0000,191.0000,3.0000,133.5516,416.0000,9.0000,416.0000,9.0000,3.0000,3.0000,7.0000,17.0000,34.0000,72.0000,191.0000,153.0000,48.0000,17.0000,6.0000,3.0000,-6.1600,-3.0880,3.5480,11.9840,17.8040,22.1080,24.2920,23.3440,18.2160,11.7240,3.1560,-3.6600,0.0000,0.0000,0.0000,59.5200,241.9240,363.2400,443.0520,413.6640,246.4800,53.4440,0.0000,0.0000,1767.8800,1821.3240,261.5288,14.1013,125.1103,16.7000,49.3000,34.0000,316.0000,1.2700,18.3000,7.2000,31.6000
116.8125,40.1042,30.3480,-11.5840,199.0000,11.5298,12.2183,29.1384,1129.2471,30.3480,-11.5840,41.9320,24.6307,-3.1793,24.6307,-3.1793,533.0000,199.0000,3.0000,138.4324,406.0000,11.0000,406.0000,11.0000,4.0000,3.0000,7.0000,13.0000,30.0000,67.0000,199.0000,140.0000,45.0000,16.0000,5.0000,4.0000,-5.1960,-1.6000,5.1920,13.7040,19.4000,23.8000,25.7000,24.4200,19.3920,12.6000,3.7120,-2.7320,0.0000,0.0000,0.0000,111.1200,291.4000,414.0000,486.7000,447.0200,281.7600,80.6000,0.0000,0.0000,2032.0000,2112.6000,38.0383,1.1396,294.8381,20.7000,40.5000,38.7000,132.0000,1.3400,20.5000,7.9000,13.2000
116.8542,40.1042,30.3600,-11.5680,200.0000,11.5223,12.1960,29.0880,1127.4475,30.3600,-11.5680,41.9280,24.6227,-3.1507,24.6227,-3.1507,535.0000,200.0000,3.0000,138.2906,407.0000,12.0000,407.0000,12.0000,5.0000,3.0000,7.0000,13.0000,30.0000,67.0000,200.0000,140.0000,45.0000,16.0000,5.0000,4.0000,-5.1600,-1.5920,5.1440,13.6440,19.3480,23.7680,25.7000,24.4000,19.3280,12.6040,3.7440,-2.7000,0.0000,0.0000,0.0000,109.3200,289.7880,413.0400,486.7000,446.4000,279.8400,80.7240,0.0000,0.0000,2025.0880,2105.8120,38.1707,1.0431,101.8771,20.5000,40.1000,39.4000,137.0000,1.3400,21.1000,7.9000,13.7000
116.8958,40.1042,30.2880,-11.4920,199.0000,11.4960,12.0860,28.9277,1125.2849,30.2880,-11.4920,41.7800,24.5780,-3.1360,24.5780,-3.1360,532.0000,199.0000,3.0000,138.6067,406.0000,12.0000,406.0000,12.0000,5.0000,3.0000,7.0000,13.0000,29.0000,67.0000,199.0000,140.0000,44.0000,16.0000,5.0000,4.0000,-5.1520,-1.5760,5.0840,13.5720,19.2840,23.6880,25.6840,24.3880,19.3440,12.6240,3.7720,-2.6880,0.0000,0.0000,0.0000,107.1600,287.8040,410.6400,486.2040,446.0280,280.3200,81.3440,0.0000,0.0000,2018.1561,2099.5001,39.4218,2.1080,161.3350,21.3000,39.8000,38.9000,139.0000,1.3400,21.2000,7.8000,13.9000
116.9375,40.1042,30.2520,-11.5080,198.0000,11.4888,12.0950,28.9631,1126.0071,30.2520,-11.5080,41.7600,24.5747,-3.1513,24.5747,-3.1513,531.0000,198.0000,3.0000,138.3680,405.0000,12.0000,405.0000,12.0000,5.0000,3.0000,7.0000,13.0000,29.0000,67.0000,198.0000,140.0000,44.0000,16.0000,5.0000,4.0000,-5.1520,-1.6040,5.0600,13.5440,19.2920,23.6920,25.6480,24.3960,19.3520,12.6120,3.7560,-2.7040,0.0000,0.0000,0.0000,106.3200,288.0520,410.7600,485.0880,446.2760,280.5600,80.9720,0.0000,0.0000,2017.0561,2098.0281,36.5698,1.9873,150.4906,20.9000,40.3000,38.8000,142.0000,1.3400,20.7000,7.8000,14.2000
116.9792,40.1042,30.1640,-11.5240,197.0000,11.4735,12.0110,28.8116,1126.6633,30.1640,-11.5240,41.6880,24.5613,-3.1753,24.5613,-3.1753,529.0000,197.0000,3.0000,138.7518,404.0000,11.0000,404.0000,11.0000,4.0000,3.0000,7.0000,13.0000,29.0000,66.0000,197.0000,141.0000,44.0000,16.0000,5.0000,4.0000,-5.1800,-1.6440,5.0000,13.5040,19.2760,23.6520,25.6000,24.4000,19.3600,12.6240,3.7320,-2.7000,0.0000,0.0000,0.0000,105.1200,287.5560,409.5600,483.6000,446.4000,280.8000,81.3440,0.0000,0.0000,2013.0359,2094.3800,29.7240,1.0348,75.3123,21.0000,39.9000,39.1000,148.0000,1.3400,20.0000,7.8000,14.8000
117.0208,40.1042,30.1880,-11.5000,196.0000,11.4755,11.9330,28.6245,1128.4121,30.1880,-11.5000,41.6880,24.5880,-3.1973,24.5880,-3.1973,529.0000,196.0000,3.0000,138.3321,404.0000,11.0000,404.0000,11.0000,4.0000,3.0000,7.0000,13.0000,29.0000,67.0000,196.0000,141.0000,44.0000,16.0000,5.0000,4.0000,-5.2000,-1.7000,4.9920,13.5000,19.2960,23.6720,25.6480,24.4560,19.4000,12.6080,3.7680,-2.7000,0.0000,0.0000,0.0000,105.0000,288.1760,410.1600,485.0880,448.1360,282.0000,80.8480,0.0000,0.0000,2018.5600,2099.4080,25.0038,1.0285,105.7138,22.3000,38.6000,39.1000,164.0000,1.3400,19.2000,7.8000,16.4000
117.0625,40.1042,30.2480,-11.4640,195.0000,11.4998,11.8943,28.5154,1130.3136,30.2480,-11.4640,41.7120,24.6360,-3.1947,24.6360,-3.1947,530.0000,195.0000,3.0000,137.8034,404.0000,11.0000,404.0000,11.0000,4.0000,3.0000,7.0000,14.0000,29.0000,67.0000,195.0000,142.0000,44.0000,16.0000,5.0000,4.0000,-5.2000,-1.6720,4.9600,13.5400,19.3160,23.6880,25.7120,24.5120,19.4200,12.6600,3.7600,-2.7120,0.0000,0.0000,0.0000,106.2000,288.7960,410.6400,487.0720,449.8720,282.6000,82.4600,0.0000,0.0000,2025.1800,2107.6400,25.9835,0.9377,341.3743,22.7000,38.5000,38.7000,175.0000,1.3400,19.2000,7.8000,17.5000
117.1042,40.1042,30.4200,-11.3960,195.0000,11.5770,11.8953,28.4468,1135.7504,30.4200,-11.3960,41.8160,24.7787,-3.1833,24.7787,-3.1833,532.0000,195.0000,3.0000,137.2501,404.0000,11.0000,404.0000,11.0000,4.0000,3.0000,7.0000,14.0000,30.0000,67.0000,195.0000,142.0000,45.0000,16.0000,5.0000,4.0000,-5.1840,-1.6280,5.0120,13.6120,19.4440,23.8240,25.8480,24.6720,19.5120,12.7080,3.8120,-2.7320,0.0000,0.0000,0.0000,108.3600,292.7640,414.7200,491.2880,454.8320,285.3600,83.9480,0.0000,0.0000,2047.3240,2131.2720,29.7297,1.2433,316.0591,22.2000,39.1000,38.7000,174.0000,1.3400,20.4000,7.8000,17.4000
117.1458,40.1042,30.0320,-11.7280,195.0000,11.2103,11.8960,28.4866,1134.5906,30.0320,-11.7280,41.7600,24.3940,-3.5453,24.3940,-3.5453,534.0000,195.0000,3.0000,137.5739,407.0000,11.0000,407.0000,11.0000,4.0000,3.0000,6.0000,14.0000,30.0000,68.0000,195.0000,144.0000,45.0000,16.0000,5.0000,4.0000,-5.5400,-2.0280,4.6280,13.2320,19.0880,23.4320,25.4600,24.3080,19.1400,12.3840,3.5000,-3.0720,0.0000,0.0000,0.0000,96.9600,281.7280,402.9600,479.2600,443.5480,274.2000,73.9040,0.0000,0.0000,1978.6559,2052.5599,108.8700,7.3325,320.3736,19.6000,42.0000,38.4000,175.0000,1.3400,20.7000,7.8000,17.5000
117.1875,40.1042,29.6320,-11.9480,195.0000,10.9220,11.8067,28.3951,1130.8627,29.6320,-11.9480,41.5800,24.0513,-3.8107,24.0513,-3.8107,539.0000,195.0000,3.0000,136.9628,410.0000,11.0000,410.0000,11.0000,4.0000,3.0000,7.0000,14.0000,31.0000,69.0000,195.0000,146.0000,46.0000,15.0000,5.0000,4.0000,-5.7960,-2.3440,4.3480,12.9040,18.7600,23.0800,25.0920,23.9800,18.8200,12.1560,3.3360,-3.2880,0.0000,0.0000,0.0000,87.1200,271.5600,392.4000,467.8520,433.3800,264.6000,66.8360,0.0000,0.0000,1916.9120,1983.7480,156.6382,10.0202,343.1436,18.7000,45.1000,36.2000,241.0000,1.3100,19.5000,7.6000,24.1000
117.2292,40.1042,28.8840,-12.2040,195.0000,10.2970,11.5147,28.0244,1122.9333,28.8840,-12.2040,41.0880,23.3467,-4.3307,23.3467,-4.3307,547.0000,195.0000,3.0000,135.4890,413.0000,11.0000,413.0000,11.0000,4.0000,3.0000,7.0000,15.0000,32.0000,70.0000,195.0000,148.0000,48.0000,16.0000,5.0000,4.0000,-6.2480,-3.0040,3.6520,12.1480,18.0080,22.3240,24.3920,23.3240,18.2080,11.6320,2.8960,-3.7600,0.0000,0.0000,0.0000,64.4400,248.2480,369.7200,446.1520,413.0440,246.2400,50.5920,0.0000,0.0000,1787.8440,1838.4359,280.6617,13.8211,285.1690,19.6000,46.6000,33.8000,352.0000,1.2700,18.6000,7.3000,35.2000
117.2708,40.1042,28.0880,-12.6160,195.0000,9.5782,11.3270,27.8277,1114.0824,28.0880,-12.6160,40.7040,22.5480,-4.9207,22.5480,-4.9207,559.0000,195.0000,3.0000,133.4443,419.0000,10.0000,419.0000,10.0000,3.0000,4.0000,8.0000,17.0000,34.0000,73.0000,195.0000,151.0000,49.0000,16.0000,6.0000,3.0000,-6.7600,-3.7280,2.8400,11.2800,17.1560,21.4800,23.6120,22.5520,17.4800,10.9840,2.3320,-4.2920,0.0000,0.0000,0.0000,38.4000,221.8360,344.4000,421.9720,389.1120,224.4000,30.5040,0.0000,0.0000,1640.1200,1670.6240,440.1792,16.9229,234.9786,19.6000,44.5000,36.0000,469.0000,1.2400,18.2000,7.0000,46.9000
117.3125,40.1042,28.3120,-12.4840,195.0000,9.8012,11.4483,28.0624,1112.8281,28.3120,-12.4840,40.7960,22.7500,-4.6933,22.7500,-4.6933,556.0000,195.0000,3.0000,134.2908,418.0000,9.0000,418.0000,9.0000,3.0000,3.0000,8.0000,16.0000,34.0000,72.0000,195.0000,151.0000,49.0000,16.0000,6.0000,3.0000,-6.5320,-3.4920,3.0680,11.5120,17.3560,21.6720,23.8200,22.7760,17.6920,11.2080,2.5880,-4.0360,0.0000,0.0000,0.0000,45.3600,228.0360,350.1600,428.4200,396.0560,230.7600,37.4480,0.0000,0.0000,1678.7920,1716.2400,385.3683,14.6756,156.7379,17.4000,43.9000,38.7000,464.0000,1.2400,18.1000,7.0000,46.4000
117.3542,40.1042,28.7120,-12.2840,194.0000,10.1797,11.6127,28.3263,1115.5272,28.7120,-12.2840,40.9960,23.1480,-4.3620,23.1480,-4.3620,552.0000,194.0000,3.0000,134.8705,416.0000,9.0000,416.0000,9.0000,3.0000,3.0000,7.0000,16.0000,33.0000,71.0000,194.0000,151.0000,49.0000,16.0000,6.0000,3.0000,-6.2280,-3.1120,3.4880,11.9400,17.7640,22.0440,24.2200,23.1720,18.0880,11.5680,2.9520,-3.7240,0.0000,0.0000,0.0000,58.2000,240.6840,361.3200,440.8200,408.3320,242.6400,48.6080,0.0000,0.0000,1751.9960,1800.6040,296.5886,12.7141,98.0543,16.2000,47.4000,36.4000,390.0000,1.2500,17.9000,7.1000,39.0000
117.3958,40.1042,28.9400,-12.1680,192.0000,10.3972,11.6797,28.4121,1118.0984,28.9400,-12.1680,41.1080,23.3840,-4.1880,23.3840,-4.1880,549.0000,192.0000,3.0000,134.3625,413.0000,9.0000,413.0000,9.0000,3.0000,3.0000,7.0000,16.0000,33.0000,71.0000,192.0000,150.0000,49.0000,16.0000,6.0000,3.0000,-6.0840,-2.9080,3.7080,12.1840,18.0080,22.2560,24.4440,23.4240,18.3080,11.7680,3.1600,-3.5640,0.0000,0.0000,0.0000,65.5200,248.2480,367.6800,447.7640,416.1440,249.2400,54.8080,0.0000,0.0000,1794.5960,1849.4040,242.9519,9.8418,205.9259,15.8000,51.1000,33.1000,311.0000,1.2700,17.7000,7.2000,31.1000
117.4375,40.1042,28.6200,-12.3560,192.0000,10.1297,11.6427,28.4134,1113.3354,28.6200,-12.3560,40.9760,23.0780,-4.3867,23.0780,-4.3867,555.0000,192.0000,3.0000,132.9897,415.0000,10.0000,415.0000,10.0000,3.0000,3.0000,7.0000,17.0000,34.0000,72.0000,192.0000,151.0000,49.0000,17.0000,6.0000,4.0000,-6.2800,-3.1480,3.4360,11.8560,17.6840,21.9480,24.1560,23.1480,18.0280,11.5360,2.9680,-3.7560,0.0000,0.0000,0.0000,55.6800,238.2040,358.4400,438.8360,407.5880,240.8400,47.6160,0.0000,0.0000,1739.5880,1787.2040,304.2499,14.7934,236.1697,16.0000,52.2000,31.9000,289.0000,1.2800,17.5000,7.3000,28.9000
117.4792,40.1042,28.7680,-12.1600,192.0000,10.3120,11.6080,28.3620,1113.2415,28.7680,-12.1600,40.9280,23.2560,-4.2087,23.2560,-4.2087,554.0000,192.0000,3.0000,133.4628,415.0000,10.0000,415.0000,10.0000,3.0000,3.0000,7.0000,17.0000,34.0000,71.0000,192.0000,152.0000,48.0000,17.0000,6.0000,4.0000,-6.0840,-2.9680,3.6200,12.0200,17.8520,22.1200,24.3200,23.3280,18.2240,11.7280,3.1680,-3.5680,0.0000,0.0000,0.0000,60.6000,243.4120,363.6000,443.9200,413.1680,246.7200,53.5680,0.0000,0.0000,1771.4200,1824.9880,267.6024,14.1934,122.4225,15.7000,51.5000,32.8000,276.0000,1.2800,17.7000,7.4000,27.6000
117.5208,40.1042,29.3600,-11.7960,190.0000,10.8735,11.6337,28.2672,1121.3798,29.3600,-11.7960,41.1560,23.8840,-3.7767,23.8840,-3.7767,547.0000,190.0000,3.0000,133.9497,411.0000,10.0000,411.0000,10.0000,3.0000,3.0000,7.0000,16.0000,33.0000,70.0000,190.0000,151.0000,47.0000,17.0000,6.0000,4.0000,-5.7040,-2.5080,4.1880,12.6600,18.4800,22.7520,24.9440,23.9840,18.8640,12.2960,3.6760,-3.1240,0.0000,0.0000,0.0000,79.8000,262.8800,382.5600,463.2640,433.5040,265.9200,71.1760,0.0000,0.0000,1887.9280,1959.1040,178.0098,11.4280,158.6553,15.5000,51.7000,32.8000,222.0000,1.2900,18.0000,7.5000,22.2000
116.8125,40.0625,30.3400,-11.5080,203.0000,11.5565,12.1977,29.1476,1127.9962,30.3400,-11.5080,41.8480,24.6453,-3.1253,24.6453,-3.1253,538.0000,203.0000,3.0000,139.4249,412.0000,12.0000,412.0000,12.0000,5.0000,3.0000,7.0000,13.0000,29.0000,68.0000,203.0000,141.0000,44.0000,16.0000,5.0000,4.0000,-5.1120,-1.6000,5.2000,13.7680,19.4200,23.8120,25.7040,24.4360,19.4000,12.6000,3.7920,-2.6840,0.0000,0.0000,0.0000,113.0400,292.0200,414.3600,486.8240,447.5160,282.0000,80.6000,0.0000,0.0000,2035.7599,2116.3599,34.4235,1.0080,205.1670,23.1000,39.4000,37.5000,172.0000,1.3500,21.0000,7.9000,17.2000
116.8542,40.0625,30.2880,-11.5120,202.0000,11.5353,12.1753,29.1276,1124.5647,30.2880,-11.5120,41.8000,24.6007,-3.0907,24.6007,-3.0907,532.0000,202.0000,3.0000,140.2154,408.0000,12.0000,408.0000,12.0000,5.0000,3.0000,7.0000,12.0000,29.0000,66.0000,202.0000,140.0000,44.0000,15.0000,5.0000,4.0000,-5.1000,-1.5280,5.1400,13.6760,19.3360,23.7200,25.6920,24.4000,19.3720,12.6000,3.8000,-2.6480,0.0000,0.0000,0.0000,110.2800,289.4160,411.6000,486.4520,446.4000,281.1600,80.6000,0.0000,0.0000,2025.3080,2105.9080,33.7945,0.9439,124.8422,23.5000,39.8000,36.7000,161.0000,1.3500,20.9000,7.8000,16.1000
116.8958,40.0625,30.2600,-11.4840,202.0000,11.5247,12.0907,28.9638,1123.2424,30.2600,-11.4840,41.7440,24.5853,-3.0727,24.5853,-3.0727,532.0000,202.0000,3.0000,140.2154,408.0000,12.0000,408.0000,12.0000,5.0000,3.0000,7.0000,12.0000,29.0000,66.0000,202.0000,140.0000,44.0000,15.0000,5.0000,4.0000,-5.1000,-1.5000,5.1000,13.6000,19.2880,23.7000,25.6840,24.4000,19.4000,12.6920,3.8000,-2.6000,0.0000,0.0000,0.0000,108.0000,287.9280,411.0000,486.2040,446.4000,282.0000,83.4520,0.0000,0.0000,2021.5320,2104.9840,33.0106,0.8544,149.5803,21.5000,40.2000,38.3000,154.0000,1.3500,20.1000,7.8000,15.4000
116.9375,40.0625,30.2080,-11.5000,201.0000,11.5233,12.0893,28.9856,1123.7495,30.2080,-11.5000,41.7080,24.5800,-3.0813,24.5800,-3.0813,534.0000,201.0000,3.0000,139.4790,409.0000,12.0000,409.0000,12.0000,5.0000,3.0000,7.0000,13.0000,29.0000,67.0000,201.0000,141.0000,44.0000,15.0000,5.0000,4.0000,-5.1000,-1.5120,5.1000,13.6000,19.3000,23.7000,25.6160,24.4000,19.4000,12.7000,3.8000,-2.6040,0.0000,0.0000,0.0000,108.0000,288.3000,411.0000,484.0960,446.4000,282.0000,83.7000,0.0000,0.0000,2019.7960,2103.4960,31.4212,0.7799,135.3829,20.5000,40.2000,39.2000,153.0000,1.3500,19.5000,7.8000,15.3000
116.9792,40.0625,30.1720,-11.4400,200.0000,11.5268,11.9837,28.7986,1125.8995,30.1720,-11.4400,41.6120,24.5987,-3.1120,24.5987,-3.1120,533.0000,200.0000,3.0000,139.2419,408.0000,12.0000,408.0000,12.0000,5.0000,3.0000,7.0000,13.0000,29.0000,67.0000,200.0000,141.0000,44.0000,15.0000,5.0000,4.0000,-5.1120,-1.5760,5.0640,13.5760,19.3400,23.7000,25.6400,24.4440,19.4120,12.6880,3.8000,-2.6440,0.0000,0.0000,0.0000,107.2800,289.5400,411.0000,484.8400,447.7640,282.3600,83.3280,0.0000,0.0000,2022.7840,2106.1120,29.4404,0.9322,36.7947,21.7000,39.6000,38.7000,160.0000,1.3500,19.4000,7.8000,16.0000
117.0208,40.0625,30.1920,-11.4280,198.0000,11.5043,11.8947,28.5792,1128.4734,30.1920,-11.4280,41.6200,24.6100,-3.1660,24.6100,-3.1660,532.0000,198.0000,3.0000,138.9032,407.0000,11.0000,407.0000,11.0000,4.0000,3.0000,7.0000,13.0000,30.0000,67.0000,198.0000,142.0000,44.0000,15.0000,5.0000,4.0000,-5.1800,-1.6640,5.0080,13.5880,19.3120,23.6960,25.6760,24.5000,19.4000,12.6800,3.7960,-2.6960,0.0000,0.0000,0.0000,107.6400,288.6719,410.8800,485.9560,449.5000,282.0000,83.0800,0.0000,0.0000,2024.6480,2107.7280,23.4310,0.9638,50.1564,22.6000,39.2000,38.2000,166.0000,1.3500,19.6000,7.8000,16.6000
117.0625,40.0625,30.1160,-11.4560,197.0000,11.4770,11.8613,28.5320,1128.2993,30.1160,-11.4560,41.5720,24.5787,-3.1953,24.5787,-3.1953,530.0000,197.0000,3.0000,138.8023,405.0000,11.0000,405.0000,11.0000,4.0000,3.0000,7.0000,14.0000,29.0000,66.0000,197.0000,142.0000,44.0000,15.0000,5.0000,4.0000,-5.1920,-1.6960,4.9680,13.5160,19.3000,23.6200,25.6360,24.4880,19.4000,12.6280,3.7480,-2.7040,0.0000,0.0000,0.0000,105.4800,288.3000,408.6000,484.7160,449.1280,282.0000,81.4680,0.0000,0.0000,2018.2240,2099.6920,24.3394,0.9767,189.0192,22.0000,40.3000,37.8000,186.0000,1.3400,20.0000,7.7000,18.6000
117.1042,40.0625,29.9920,-11.5040,197.0000,11.3355,11.8090,28.4582,1128.0804,29.9920,-11.5040,41.4960,24.4307,-3.3387,24.4307,-3.3387,533.0000,197.0000,3.0000,138.4229,407.0000,11.0000,407.0000,11.0000,4.0000,3.0000,7.0000,14.0000,29.0000,67.0000,197.0000,143.0000,45.0000,15.0000,5.0000,4.0000,-5.3240,-1.8360,4.8040,13.3840,19.1560,23.4760,25.4840,24.3360,19.2360,12.5000,3.6480,-2.8640,0.0000,0.0000,0.0000,101.5200,283.8360,404.2800,480.0040,444.4160,277.0800,77.5000,0.0000,0.0000,1991.1360,2068.6360,70.4329,5.7543,281.8125,20.3000,43.8000,36.0000,244.0000,1.3200,19.8000,7.3000,24.4000
117.1458,40.0625,29.4960,-11.8000,196.0000,10.8807,11.7127,28.3627,1124.5270,29.4960,-11.8000,41.2960,23.9313,-3.7627,23.9313,-3.7627,540.0000,196.0000,3.0000,136.7760,410.0000,11.0000,410.0000,11.0000,4.0000,3.0000,7.0000,15.0000,31.0000,69.0000,196.0000,145.0000,46.0000,15.0000,5.0000,4.0000,-5.7320,-2.3080,4.3160,12.9000,18.6840,22.9680,24.9840,23.8400,18.7280,12.0960,3.3080,-3.2400,0.0000,0.0000,0.0000,87.0000,269.2040,389.0400,464.5040,429.0400,261.8400,64.9760,0.0000,0.0000,1900.6280,1965.6040,181.2406,9.5627,312.1378,20.4000,44.4000,35.2000,285.0000,1.3000,19.1000,7.2000,28.5000
117.1875,40.0625,29.0880,-11.8760,196.0000,10.5847,11.5607,28.2215,1118.2417,29.0880,-11.8760,40.9640,23.5660,-3.9900,23.5660,-3.9900,545.0000,196.0000,3.0000,135.9630,412.0000,11.0000,412.0000,11.0000,4.0000,3.0000,7.0000,15.0000,31.0000,69.0000,196.0000,147.0000,47.0000,16.0000,6.0000,4.0000,-5.9200,-2.6240,4.0000,12.4960,18.2960,22.5760,24.6160,23.5080,18.4320,11.8880,3.1720,-3.4120,0.0000,0.0000,0.0000,74.8800,257.1760,377.2800,453.0960,418.7480,252.9600,58.5280,0.0000,0.0000,1834.1399,1892.6679,242.7941,11.4993,321.2529,20.5000,43.8000,35.7000,316.0000,1.2900,18.6000,7.1000,31.6000
117.2292,40.0625,29.0560,-11.7960,197.0000,10.5730,11.4360,27.9937,1118.2113,29.0560,-11.7960,40.8520,23.5580,-4.0007,23.5580,-4.0007,547.0000,197.0000,3.0000,136.2567,414.0000,11.0000,414.0000,11.0000,4.0000,3.0000,7.0000,15.0000,31.0000,69.0000,197.0000,148.0000,47.0000,16.0000,6.0000,4.0000,-5.9200,-2.7080,3.9240,12.4240,18.2280,22.5280,24.6080,23.5560,18.4880,11.9160,3.2280,-3.3840,0.0000,0.0000,0.0000,72.7200,255.0680,375.8400,452.8480,420.2360,254.6400,59.3960,0.0000,0.0000,1831.3520,1890.7480,233.8386,13.2304,209.6615,20.0000,42.8000,37.3000,327.0000,1.2800,18.5000,7.0000,32.7000
117.2708,40.0625,29.5560,-11.4440,197.0000,11.0237,11.4300,27.8780,1123.9838,29.5560,-11.4440,41.0000,24.0520,-3.6427,24.0520,-3.6427,546.0000,197.0000,3.0000,136.4979,414.0000,11.0000,414.0000,11.0000,4.0000,3.0000,7.0000,15.0000,31.0000,69.0000,197.0000,148.0000,46.0000,16.0000,6.0000,4.0000,-5.5560,-2.3600,4.3480,12.9160,18.6960,22.9760,25.1040,24.0720,19.0280,12.3680,3.6640,-3.0080,0.0000,0.0000,0.0000,87.4800,269.5760,389.2800,468.2240,436.2320,270.8400,73.4080,0.0000,0.0000,1921.6320,1995.0400,113.0792,5.9822,130.5661,18.6000,43.8000,37.7000,342.0000,1.2900,18.3000,7.1000,34.2000
117.3125,40.0625,29.7360,-11.3240,195.0000,11.1985,11.5523,28.1353,1122.2653,29.7360,-11.3240,41.0600,24.2073,-3.4427,24.2073,-3.4427,544.0000,195.0000,3.0000,135.7400,411.0000,11.0000,411.0000,11.0000,4.0000,3.0000,7.0000,15.0000,31.0000,69.0000,195.0000,147.0000,47.0000,16.0000,6.0000,4.0000,-5.3640,-2.1480,4.5320,13.0960,18.8680,23.1280,25.2640,24.2240,19.2040,12.5600,3.8560,-2.8200,0.0000,0.0000,0.0000,92.8800,274.9080,393.8400,473.1840,440.9440,276.1200,79.3600,0.0000,0.0000,1951.8760,2031.2360,72.7658,3.7236,185.5309,17.6000,47.5000,35.0000,320.0000,1.2900,17.9000,7.2000,32.0000
117.3542,40.0625,29.6680,-11.3160,194.0000,11.1388,11.5703,28.2313,1118.4015,29.6680,-11.3160,40.9840,24.1267,-3.4367,24.1267,-3.4367,545.0000,194.0000,3.0000,135.3565,411.0000,11.0000,411.0000,11.0000,4.0000,3.0000,7.0000,15.0000,31.0000,69.0000,194.0000,148.0000,48.0000,16.0000,6.0000,4.0000,-5.3400,-2.1440,4.4400,12.9320,18.7280,23.0320,25.1880,24.1640,19.1320,12.4960,3.8480,-2.8280,0.0000,0.0000,0.0000,87.9600,270.5680,390.9600,470.8280,439.0840,273.9600,77.3760,0.0000,0.0000,1933.3600,2010.7360,109.1923,8.6334,186.4959,17.0000,50.7000,32.3000,261.0000,1.3000,17.3000,7.3000,26.1000
117.3958,40.0625,29.7920,-11.2080,194.0000,11.2488,11.5283,28.1179,1120.4598,29.7920,-11.2080,41.0000,24.2627,-3.3533,24.2627,-3.3533,551.0000,194.0000,3.0000,134.3973,414.0000,11.0000,414.0000,11.0000,4.0000,3.0000,7.0000,16.0000,32.0000,70.0000,194.0000,150.0000,48.0000,17.0000,6.0000,4.0000,-5.2640,-2.0400,4.5440,13.0360,18.8560,23.1320,25.3200,24.3320,19.2440,12.6160,3.9600,-2.7480,0.0000,0.0000,0.0000,91.0800,274.5360,393.9600,474.9200,444.2920,277.3200,81.0960,0.0000,0.0000,1956.1080,2037.2040,94.2474,6.7742,180.2711,16.1000,52.3000,31.6000,222.0000,1.2900,16.9000,7.5000,22.2000
117.4375,40.0625,29.6440,-11.3240,193.0000,11.1545,11.3937,27.8111,1121.6649,29.6440,-11.3240,40.9680,24.1740,-3.4780,24.1740,-3.4780,549.0000,193.0000,3.0000,134.4151,413.0000,11.0000,413.0000,11.0000,4.0000,3.0000,7.0000,16.0000,32.0000,70.0000,193.0000,150.0000,47.0000,17.0000,6.0000,4.0000,-5.4160,-2.2160,4.4080,12.9040,18.7280,23.0080,25.2320,24.2840,19.1960,12.5800,3.9480,-2.8000,0.0000,0.0000,0.0000,87.1200,270.5680,390.2400,472.1920,442.8040,275.8800,79.9800,0.0000,0.0000,1938.8040,2018.7840,92.2587,6.2481,174.5265,15.7000,52.1000,32.3000,226.0000,1.2900,17.5000,7.4000,22.6000
117.4792,40.0625,29.5480,-11.3720,191.0000,11.1768,11.1523,27.2540,1124.2885,29.5480,-11.3720,40.9200,24.2027,-3.5240,24.2027,-3.5240,555.0000,191.0000,4.0000,131.1335,410.0000,14.0000,410.0000,14.0000,5.0000,4.0000,8.0000,17.0000,32.0000,69.0000,191.0000,150.0000,48.0000,19.0000,7.0000,5.0000,-5.5040,-2.3400,4.3600,12.8920,18.7160,22.9920,25.2480,24.3680,19.3000,12.7120,4.1040,-2.7080,0.0000,0.0000,0.0000,86.7600,270.1960,389.7600,472.6880,445.4080,279.0000,84.0720,0.0000,0.0000,1943.8120,2027.8840,59.2722,4.2007,138.6246,15.9000,51.9000,32.2000,230.0000,1.3000,17.8000,7.3000,23.0000
117.5208,40.0625,29.5800,-11.5360,188.0000,11.1680,11.0367,26.8428,1131.3463,29.5800,-11.5360,41.1160,24.2687,-3.6347,24.2687,-3.6347,544.0000,188.0000,4.0000,132.3439,404.0000,13.0000,404.0000,13.0000,4.0000,4.0000,7.0000,17.0000,32.0000,67.0000,188.0000,149.0000,47.0000,18.0000,6.0000,5.0000,-5.6800,-2.4840,4.2800,12.8760,18.7080,23.0440,25.3280,24.4560,19.3840,12.7400,4.1280,-2.7320,0.0000,0.0000,0.0000,86.2800,269.9480,391.3200,475.1680,448.1360,281.5200,84.9400,0.0000,0.0000,1952.3720,2037.3120,46.0865,3.3389,77.0634,16.2000,51.1000,32.7000,235.0000,1.3000,17.5000,7.2000,23.5000
116.8125,40.0208,30.4760,-11.2280,206.0000,11.6422,12.0397,28.8693,1128.6366,30.4760,-11.2280,41.7040,24.7567,-3.0267,24.7567,-3.0267,541.0000,206.0000,3.0000,140.1139,415.0000,13.0000,415.0000,13.0000,5.0000,3.0000,7.0000,12.0000,29.0000,68.0000,206.0000,141.0000,44.0000,16.0000,5.0000,5.0000,-4.9960,-1.5200,5.2000,13.7840,19.4880,23.9200,25.8200,24.5280,19.5040,12.7160,3.8440,-2.5600,0.0000,0.0000,0.0000,113.5200,294.1280,417.6000,490.4200,450.3680,285.1200,84.1960,0.0000,0.0000,2051.1560,2135.3520,32.0363,1.1434,240.3235,24.3000,40.0000,35.7000,171.0000,1.3500,20.6000,7.8000,17.1000
116.8542,40.0208,30.3560,-11.3560,205.0000,11.5905,12.0803,28.9613,1125.4701,30.3560,-11.3560,41.7120,24.6700,-3.0380,24.6700,-3.0380,538.0000,205.0000,3.0000,140.2481,412.0000,13.0000,412.0000,13.0000,5.0000,3.0000,7.0000,12.0000,29.0000,66.0000,205.0000,141.0000,44.0000,16.0000,5.0000,5.0000,-5.0360,-1.5000,5.1480,13.6920,19.3800,23.8360,25.7440,24.4320,19.4400,12.7040,3.8200,-2.5800,0.0000,0.0000,0.0000,110.7600,290.7800,415.0800,488.0640,447.3920,283.2000,83.8240,0.0000,0.0000,2035.2759,2119.0999,30.7820,1.0530,84.7229,24.0000,37.6000,38.4000,156.0000,1.3500,18.3000,7.9000,15.6000
116.8958,40.0208,30.3000,-11.4040,204.0000,11.5610,12.0647,28.9293,1123.9137,30.3000,-11.4040,41.7040,24.6307,-3.0440,24.6307,-3.0440,532.0000,204.0000,3.0000,141.8059,411.0000,11.0000,411.0000,11.0000,4.0000,3.0000,6.0000,12.0000,28.0000,66.0000,204.0000,141.0000,44.0000,15.0000,5.0000,4.0000,-5.0520,-1.5000,5.1000,13.6000,19.3040,23.7840,25.7200,24.4000,19.4040,12.7240,3.8000,-2.5960,0.0000,0.0000,0.0000,108.0000,288.4240,413.5200,487.3200,446.4000,282.1200,84.4440,0.0000,0.0000,2025.7840,2110.2280,29.0950,0.9361,170.4529,23.9000,37.6000,38.5000,152.0000,1.3500,18.3000,7.9000,15.2000
116.9375,40.0208,30.2600,-11.4080,203.0000,11.5563,12.0373,28.8887,1124.3628,30.2600,-11.4080,41.6680,24.6273,-3.0513,24.6273,-3.0513,532.0000,203.0000,3.0000,141.2590,410.0000,11.0000,410.0000,11.0000,4.0000,3.0000,6.0000,12.0000,29.0000,66.0000,203.0000,141.0000,44.0000,15.0000,5.0000,4.0000,-5.0680,-1.5000,5.1000,13.6000,19.3000,23.7640,25.7000,24.4000,19.4120,12.7360,3.8000,-2.6000,0.0000,0.0000,0.0000,108.0000,288.3000,412.9200,486.7000,446.4000,282.3600,84.8160,0.0000,0.0000,2024.6800,2109.4960,28.6382,0.9121,342.3832,23.6000,38.1000,38.3000,149.0000,1.3500,18.6000,7.9000,14.9000
116.9792,40.0208,30.2800,-11.3160,202.0000,11.5858,11.9437,28.7135,1126.6184,30.2800,-11.3160,41.5960,24.6800,-3.0527,24.6800,-3.0527,534.0000,202.0000,3.0000,140.0978,410.0000,11.0000,410.0000,11.0000,4.0000,3.0000,7.0000,13.0000,29.0000,67.0000,202.0000,141.0000,44.0000,15.0000,5.0000,4.0000,-5.0960,-1.5120,5.1000,13.6000,19.3600,23.7960,25.7480,24.5000,19.4920,12.7440,3.8080,-2.5880,0.0000,0.0000,0.0000,108.0000,290.1600,413.8800,488.1880,449.5000,284.7600,85.0640,0.0000,0.0000,2034.4879,2119.5520,26.5752,0.8625,99.6545,22.7000,39.5000,37.8000,143.0000,1.3500,19.6000,7.9000,14.3000
117.0208,40.0208,30.2840,-11.2760,200.0000,11.5767,11.8427,28.4953,1128.4346,30.2840,-11.2760,41.5600,24.6960,-3.0880,24.6960,-3.0880,531.0000,200.0000,3.0000,139.8109,407.0000,11.0000,407.0000,11.0000,4.0000,3.0000,7.0000,13.0000,29.0000,66.0000,200.0000,141.0000,44.0000,15.0000,5.0000,4.0000,-5.0840,-1.5960,5.0800,13.6000,19.3280,23.7600,25.7640,24.5360,19.5080,12.7520,3.8440,-2.5800,0.0000,0.0000,0.0000,108.0000,289.1680,412.8000,488.6840,450.6160,285.2400,85.3120,0.0000,0.0000,2034.5079,2119.8199,24.4168,0.8747,173.5091,21.6000,41.3000,37.1000,152.0000,1.3400,19.1000,7.7000,15.2000
117.0625,40.0208,30.3720,-11.1360,199.0000,11.6360,11.7660,28.3463,1129.2468,30.3720,-11.1360,41.5080,24.7720,-3.0280,24.7720,-3.0280,534.0000,199.0000,3.0000,138.5091,407.0000,13.0000,407.0000,13.0000,5.0000,3.0000,7.0000,14.0000,29.0000,66.0000,199.0000,142.0000,44.0000,15.0000,5.0000,5.0000,-5.0200,-1.5440,5.0840,13.6200,19.3960,23.8120,25.8440,24.6520,19.5840,12.8040,3.9040,-2.5280,0.0000,0.0000,0.0000,108.6000,291.2760,414.3600,491.1640,454.2120,287.5200,86.9240,0.0000,0.0000,2047.1320,2134.0560,20.7582,1.1287,142.7837,21.4000,41.5000,37.1000,204.0000,1.3300,19.1000,7.6000,20.4000
117.1042,40.0208,30.1520,-11.2880,199.0000,11.4540,11.7293,28.3044,1128.0129,30.1520,-11.2880,41.4400,24.5647,-3.2107,24.5647,-3.2107,547.0000,199.0000,4.0000,135.0244,410.0000,16.0000,410.0000,16.0000,6.0000,4.0000,8.0000,15.0000,30.0000,67.0000,199.0000,144.0000,45.0000,17.0000,6.0000,6.0000,-5.1920,-1.7520,4.9000,13.4320,19.2160,23.6000,25.6480,24.4560,19.3920,12.6600,3.7920,-2.6920,0.0000,0.0000,0.0000,102.9600,285.6960,408.0000,485.0880,448.1360,281.7600,82.4600,0.0000,0.0000,2011.6400,2094.1000,56.2434,4.4537,225.1557,21.4000,40.6000,38.1000,254.0000,1.3200,19.4000,7.5000,25.4000
117.1458,40.0208,29.7520,-11.6520,199.0000,11.1143,11.7600,28.4031,1125.6383,29.7520,-11.6520,41.4040,24.1847,-3.5407,24.1847,-3.5407,559.0000,199.0000,4.0000,132.2839,414.0000,16.0000,414.0000,16.0000,6.0000,4.0000,9.0000,17.0000,31.0000,69.0000,199.0000,146.0000,46.0000,19.0000,7.0000,6.0000,-5.5200,-2.1240,4.5720,13.0760,18.8680,23.2400,25.2440,24.0600,19.0280,12.3640,3.5200,-2.9840,0.0000,0.0000,0.0000,92.2800,274.9080,397.2000,472.5640,435.8600,270.8400,73.2840,0.0000,0.0000,1943.6520,2016.9360,124.0857,8.0066,193.2538,21.7000,39.4000,38.9000,254.0000,1.3200,20.1000,7.4000,25.4000
117.1875,40.0208,29.5800,-11.7080,199.0000,11.0072,11.7457,28.4481,1123.4065,29.5800,-11.7080,41.2880,24.0487,-3.6267,24.0487,-3.6267,554.0000,199.0000,4.0000,134.5089,415.0000,14.0000,415.0000,14.0000,5.0000,4.0000,8.0000,16.0000,31.0000,69.0000,199.0000,147.0000,47.0000,17.0000,6.0000,5.0000,-5.6000,-2.2280,4.4360,12.9440,18.7400,23.1240,25.0920,23.9360,18.9200,12.2880,3.4840,-3.0480,0.0000,0.0000,0.0000,88.3200,270.9400,393.7200,467.8520,432.0160,267.6000,70.9280,0.0000,0.0000,1920.4481,1991.3761,142.4906,9.6185,176.6523,22.1000,39.3000,38.7000,266.0000,1.3100,20.5000,7.4000,26.6000
117.2292,40.0208,29.8360,-11.5280,198.0000,11.1922,11.7077,28.3040,1125.9381,29.8360,-11.5280,41.3640,24.2747,-3.4660,24.2747,-3.4660,548.0000,198.0000,3.0000,135.9117,414.0000,13.0000,414.0000,13.0000,5.0000,3.0000,7.0000,15.0000,31.0000,69.0000,198.0000,147.0000,46.0000,16.0000,6.0000,5.0000,-5.4320,-2.0880,4.5720,13.1040,18.8800,23.2760,25.3400,24.2080,19.1640,12.4720,3.6960,-2.8560,0.0000,0.0000,0.0000,93.1200,275.2800,398.2800,475.5400,440.4480,274.9200,76.6320,0.0000,0.0000,1957.5880,2034.2200,96.6082,5.9401,175.7691,22.2000,40.0000,37.8000,284.0000,1.3100,20.6000,7.4000,28.4000
117.2708,40.0208,30.0680,-11.5280,197.0000,11.3220,11.7840,28.3296,1129.2788,30.0680,-11.5280,41.5960,24.4560,-3.3733,24.4560,-3.3733,544.0000,197.0000,3.0000,136.3595,412.0000,11.0000,412.0000,11.0000,4.0000,3.0000,7.0000,15.0000,31.0000,69.0000,197.0000,146.0000,46.0000,16.0000,6.0000,4.0000,-5.3400,-2.0000,4.6800,13.2080,18.9960,23.4160,25.5320,24.4240,19.3360,12.5760,3.8080,-2.7600,0.0000,0.0000,0.0000,96.2400,278.8760,402.4800,481.4920,447.1440,280.0800,79.8560,0.0000,0.0000,1986.3120,2066.1680,64.7190,3.4992,166.8474,21.3000,42.8000,36.0000,245.0000,1.3200,19.8000,7.5000,24.5000
117.3125,40.0208,30.1480,-11.4600,195.0000,11.4355,11.8210,28.4104,1128.7490,30.1480,-11.4600,41.6080,24.5560,-3.2647,24.5560,-3.2647,542.0000,195.0000,3.0000,135.9088,410.0000,11.0000,410.0000,11.0000,4.0000,3.0000,7.0000,15.0000,31.0000,69.0000,195.0000,146.0000,46.0000,16.0000,6.0000,4.0000,-5.2440,-1.8840,4.7920,13.3080,19.1120,23.5240,25.6440,24.5120,19.4600,12.7120,3.9440,-2.6680,0.0000,0.0000,0.0000,99.2400,282.4720,405.7200,484.9640,449.8720,283.8000,84.0720,0.0000,0.0000,2006.0680,2090.1400,34.4691,2.0271,135.0886,19.4000,46.1000,34.5000,195.0000,1.3200,18.2000,7.5000,19.5000
117.3542,40.0208,30.2120,-11.2120,195.0000,11.5380,11.6740,28.1817,1127.9617,30.2120,-11.2120,41.4240,24.6520,-3.1447,24.6520,-3.1447,543.0000,195.0000,3.0000,135.9809,411.0000,11.0000,411.0000,11.0000,4.0000,3.0000,7.0000,15.0000,31.0000,69.0000,195.0000,147.0000,46.0000,16.0000,6.0000,4.0000,-5.1120,-1.7680,4.8560,13.3720,19.1960,23.5880,25.7280,24.6480,19.5800,12.8400,4.0840,-2.5600,0.0000,0.0000,0.0000,101.1600,285.0760,407.6400,487.5680,454.0880,287.4000,88.0400,0.0000,0.0000,2022.9321,2110.9721,18.8981,0.8826,148.4944,18.9000,45.8000,35.3000,180.0000,1.3200,17.6000,7.6000,18.0000
117.3958,40.0208,30.2920,-11.1160,196.0000,11.6015,11.6250,28.0743,1130.2388,30.2920,-11.1160,41.4080,24.7447,-3.1100,24.7447,-3.1100,552.0000,196.0000,4.0000,134.9803,416.0000,12.0000,416.0000,12.0000,4.0000,4.0000,7.0000,16.0000,31.0000,70.0000,196.0000,150.0000,47.0000,17.0000,6.0000,4.0000,-5.0560,-1.7200,4.8800,13.4160,19.2680,23.6280,25.8120,24.7680,19.6640,12.9120,4.1760,-2.5280,0.0000,0.0000,0.0000,102.4800,287.3080,408.8400,490.1719,457.8080,289.9200,90.2720,0.0000,0.0000,2036.5279,2126.7999,15.3222,0.9133,187.8749,18.6000,46.3000,35.2000,224.0000,1.2900,17.9000,7.5000,22.4000
117.4375,40.0208,30.1120,-11.2800,193.0000,11.4662,11.5823,27.9821,1129.9403,30.1120,-11.2800,41.3920,24.5980,-3.2573,24.5980,-3.2573,548.0000,193.0000,4.0000,134.4945,412.0000,12.0000,412.0000,12.0000,4.0000,4.0000,7.0000,16.0000,31.0000,69.0000,193.0000,150.0000,47.0000,17.0000,6.0000,4.0000,-5.2360,-1.9040,4.7480,13.2560,19.1240,23.4800,25.6680,24.6520,19.5280,12.8200,4.1040,-2.6240,0.0000,0.0000,0.0000,97.6800,282.8440,404.4000,485.7080,454.2120,285.8400,87.4200,0.0000,0.0000,2010.6840,2098.1040,38.0431,3.4024,311.3014,17.5000,50.0000,32.5000,248.0000,1.3000,17.1000,7.4000,24.8000
117.4792,40.0208,29.8240,-11.3440,191.0000,11.3570,11.2967,27.4404,1128.9070,29.8240,-11.3440,41.1680,24.4520,-3.3833,24.4520,-3.3833,545.0000,191.0000,3.0000,134.5781,409.0000,11.0000,409.0000,11.0000,4.0000,3.0000,7.0000,16.0000,32.0000,67.0000,191.0000,151.0000,47.0000,17.0000,6.0000,4.0000,-5.3960,-2.1440,4.5560,13.0840,18.9560,23.2960,25.4880,24.5600,19.4880,12.8360,4.1720,-2.6320,0.0000,0.0000,0.0000,92.5200,277.6360,398.8800,480.1280,451.3600,284.6400,87.9160,0.0000,0.0000,1985.1640,2073.0800,43.5052,3.4772,7.5725,17.7000,49.8000,32.5000,253.0000,1.3000,16.3000,7.4000,25.3000
117.5208,40.0208,29.6480,-11.4160,189.0000,11.2475,11.0430,26.8922,1130.6145,29.6480,-11.4160,41.0640,24.3513,-3.5293,24.3513,-3.5293,539.0000,189.0000,3.0000,135.3126,406.0000,11.0000,406.0000,11.0000,4.0000,3.0000,6.0000,16.0000,31.0000,66.0000,189.0000,151.0000,47.0000,16.0000,6.0000,4.0000,-5.5600,-2.3600,4.3600,12.9360,18.7880,23.1360,25.3880,24.5200,19.4600,12.7880,4.1800,-2.6600,0.0000,0.0000,0.0000,88.0800,272.4280,394.0800,477.0280,450.1200,283.8000,86.4280,0.0000,0.0000,1965.5360,2051.9641,26.5490,1.2103,334.1270,18.3000,47.6000,34.1000,254.0000,1.3000,16.3000,7.5000,25.4000
116.8125,39.9792,30.6520,-10.8200,210.0000,11.7773,11.8340,28.5349,1128.0308,30.6520,-10.8200,41.4720,24.9067,-2.8560,24.9067,-2.8560,546.0000,210.0000,3.0000,141.1021,420.0000,13.0000,420.0000,13.0000,5.0000,3.0000,7.0000,12.0000,29.0000,68.0000,210.0000,142.0000,44.0000,16.0000,5.0000,5.0000,-4.8080,-1.3880,5.2240,13.8160,19.5640,24.0720,25.9760,24.6680,19.6840,12.8840,3.9960,-2.3720,0.0000,0.0000,0.0000,114.4800,296.4840,422.1600,495.2560,454.7080,290.5200,89.4040,0.0000,0.0000,2073.6081,2163.0121,,,,25.7000,36.1000,38.2000,153.0000,1.3500,17.7000,7.9000,15.3000
116.8542,39.9792,30.5400,-11.0320,208.0000,11.6968,11.9643,28.7798,1126.1799,30.5400,-11.0320,41.5720,24.8047,-2.9200,24.8047,-2.9200,543.0000,208.0000,3.0000,140.8143,417.0000,13.0000,417.0000,13.0000,5.0000,3.0000,7.0000,12.0000,29.0000,67.0000,208.0000,142.0000,44.0000,16.0000,5.0000,5.0000,-4.8880,-1.4360,5.2000,13.7160,19.4560,24.0000,25.8800,24.5440,19.5760,12.8520,3.9320,-2.4480,0.0000,0.0000,0.0000,111.4800,293.1360,420.0000,492.2800,450.8640,287.2800,88.4120,0.0000,0.0000,2055.0400,2143.4520,,,,25.7000,36.1000,38.2000,146.0000,1.3500,17.7000,7.9000,14.6000
116.8958,39.9792,30.4560,-11.1280,207.0000,11.6557,11.9667,28.7771,1125.1035,30.4560,-11.1280,41.5840,24.7600,-2.9493,24.7600,-2.9493,537.0000,207.0000,3.0000,141.8979,415.0000,12.0000,415.0000,12.0000,4.0000,3.0000,6.0000,12.0000,29.0000,67.0000,207.0000,141.0000,43.0000,15.0000,5.0000,5.0000,-4.9320,-1.4520,5.1320,13.6440,19.3920,23.9440,25.8440,24.4800,19.5200,12.8400,3.8920,-2.4760,0.0000,0.0000,0.0000,109.3200,291.1520,418.3200,491.1640,448.8800,285.6000,88.0400,0.0000,0.0000,2044.4360,2132.4760,,,,25.2000,38.1000,36.6000,138.0000,1.3500,18.3000,7.9000,13.8000
116.9375,39.9792,30.4280,-11.1880,205.0000,11.6320,11.9333,28.6749,1125.8311,30.4280,-11.1880,41.6160,24.7407,-2.9840,24.7407,-2.9840,536.0000,205.0000,3.0000,141.2346,414.0000,12.0000,414.0000,12.0000,4.0000,3.0000,6.0000,12.0000,29.0000,68.0000,205.0000,141.0000,43.0000,15.0000,5.0000,5.0000,-4.9640,-1.4920,5.1040,13.6040,19.3120,23.9040,25.8320,24.4960,19.5360,12.8400,3.8760,-2.5000,0.0000,0.0000,0.0000,108.1200,288.6719,417.1200,490.7920,449.3760,286.0800,88.0400,0.0000,0.0000,2040.1599,2128.1999,,,,24.3000,42.2000,33.5000,130.0000,1.3500,19.5000,7.9000,13.0000
116.9792,39.9792,30.3640,-11.2640,205.0000,11.6122,11.9110,28.6130,1126.3434,30.3640,-11.2640,41.6280,24.7260,-3.0100,24.7260,-3.0100,538.0000,205.0000,3.0000,140.9192,415.0000,12.0000,415.0000,12.0000,4.0000,3.0000,6.0000,13.0000,29.0000,68.0000,205.0000,142.0000,43.0000,15.0000,5.0000,5.0000,-5.0040,-1.5000,5.1000,13.6000,19.3000,23.8440,25.8000,24.4920,19.5120,12.8080,3.8880,-2.5000,0.0000,0.0000,0.0000,108.0000,288.3000,415.3200,489.8000,449.2520,285.3600,87.0480,0.0000,0.0000,2036.0320,2123.0800,,,,23.3000,41.1000,35.6000,124.0000,1.3500,19.2000,7.9000,12.4000
117.0208,39.9792,30.3400,-11.2240,204.0000,11.6208,11.8670,28.5511,1126.2867,30.3400,-11.2240,41.5640,24.7260,-3.0067,24.7260,-3.0067,538.0000,204.0000,3.0000,140.4239,414.0000,12.0000,414.0000,12.0000,4.0000,3.0000,6.0000,13.0000,29.0000,68.0000,204.0000,142.0000,44.0000,15.0000,5.0000,5.0000,-5.0000,-1.5000,5.1000,13.6000,19.3040,23.8080,25.8120,24.5160,19.5640,12.8240,3.9040,-2.5000,0.0000,0.0000,0.0000,108.0000,288.4240,414.2400,490.1720,449.9960,286.9200,87.5440,0.0000,0.0000,2037.7520,2125.2960,,,,22.5000,40.1000,37.4000,131.0000,1.3500,19.1000,7.9000,13.1000
117.0625,39.9792,30.4600,-11.0760,204.0000,11.6978,11.7917,28.3890,1128.6086,30.4600,-11.0760,41.5360,24.8373,-2.9533,24.8373,-2.9533,545.0000,204.0000,3.0000,138.7067,416.0000,13.0000,416.0000,13.0000,5.0000,3.0000,7.0000,14.0000,29.0000,68.0000,204.0000,144.0000,44.0000,16.0000,6.0000,5.0000,-4.9600,-1.4760,5.1240,13.6280,19.4040,23.9320,25.9240,24.6640,19.6640,12.9240,3.9840,-2.4320,0.0000,0.0000,0.0000,108.8400,291.5240,417.9600,493.6440,454.5840,289.9200,90.6440,0.0000,0.0000,2056.4719,2147.1159,,,,22.0000,39.1000,38.9000,171.0000,1.3400,19.4000,7.8000,17.1000
117.1042,39.9792,30.3880,-11.2240,201.0000,11.6300,11.8153,28.3941,1128.7262,30.3880,-11.2240,41.6120,24.7713,-3.0353,24.7713,-3.0353,538.0000,201.0000,3.0000,138.8527,411.0000,12.0000,411.0000,12.0000,4.0000,3.0000,7.0000,14.0000,29.0000,67.0000,201.0000,143.0000,44.0000,15.0000,6.0000,5.0000,-5.0320,-1.5800,5.0600,13.5480,19.3040,23.8480,25.8600,24.6240,19.6040,12.8840,3.9440,-2.4920,0.0000,0.0000,0.0000,106.4400,288.4240,415.4400,491.6600,453.3440,288.1200,89.4040,0.0000,0.0000,2043.4279,2132.8319,,,,22.4000,37.5000,40.0000,240.0000,1.3300,21.0000,7.5000,24.0000
117.1458,39.9792,30.2360,-11.4680,200.0000,11.5110,11.8780,28.4817,1128.9976,30.2360,-11.4680,41.7040,24.6433,-3.1733,24.6433,-3.1733,540.0000,200.0000,3.0000,138.1170,412.0000,13.0000,412.0000,13.0000,5.0000,3.0000,7.0000,14.0000,29.0000,68.0000,200.0000,144.0000,44.0000,15.0000,6.0000,5.0000,-5.1920,-1.7240,4.9720,13.4360,19.1920,23.7280,25.7280,24.4840,19.4880,12.7960,3.8640,-2.6000,0.0000,0.0000,0.0000,103.0800,284.9520,411.8400,487.5680,449.0040,284.6400,86.6760,0.0000,0.0000,2021.0841,2107.7601,,,,22.8000,37.7000,39.6000,221.0000,1.3300,21.2000,7.6000,22.1000
117.1875,39.9792,30.2000,-11.5960,199.0000,11.4787,11.9613,28.6184,1130.7739,30.2000,-11.5960,41.7960,24.6193,-3.2380,24.6193,-3.2380,545.0000,199.0000,3.0000,136.5421,413.0000,13.0000,413.0000,13.0000,5.0000,3.0000,7.0000,15.0000,30.0000,69.0000,199.0000,145.0000,45.0000,16.0000,6.0000,5.0000,-5.2840,-1.7880,4.9240,13.4000,19.1960,23.7240,25.7000,24.4000,19.4320,12.7760,3.8080,-2.6680,0.0000,0.0000,0.0000,102.0000,285.0760,411.7200,486.7000,446.4000,282.9600,86.0560,0.0000,0.0000,2014.8560,2100.9120,,,,22.4000,38.2000,39.4000,190.0000,1.3400,20.8000,7.7000,19.0000
117.2292,39.9792,30.2160,-11.6160,198.0000,11.4557,11.9267,28.5109,1132.2120,30.2160,-11.6160,41.8320,24.6247,-3.2707,24.6247,-3.2707,541.0000,198.0000,3.0000,137.6667,412.0000,11.0000,412.0000,11.0000,4.0000,3.0000,6.0000,15.0000,30.0000,68.0000,198.0000,146.0000,45.0000,16.0000,6.0000,4.0000,-5.3000,-1.8200,4.8600,13.3680,19.1520,23.6920,25.7080,24.4760,19.4760,12.7200,3.8080,-2.7000,0.0000,0.0000,0.0000,101.0400,283.7120,410.7600,486.9480,448.7560,284.2800,84.3200,0.0000,0.0000,2015.4960,2099.8161,,,,21.8000,39.9000,38.3000,159.0000,1.3400,20.4000,7.7000,15.9000
117.2708,39.9792,30.2240,-11.6600,198.0000,11.4347,11.9147,28.4468,1132.5115,30.2240,-11.6600,41.8840,24.6180,-3.2967,24.6180,-3.2967,543.0000,198.0000,3.0000,137.5563,414.0000,11.0000,414.0000,11.0000,4.0000,3.0000,6.0000,15.0000,30.0000,69.0000,198.0000,147.0000,45.0000,16.0000,6.0000,4.0000,-5.3000,-1.8600,4.8400,13.3160,19.0720,23.6280,25.7120,24.5120,19.4800,12.6840,3.8280,-2.7000,0.0000,0.0000,0.0000,99.4800,281.2320,408.8400,487.0720,449.8720,284.4000,83.2040,0.0000,0.0000,2010.8960,2094.1000,,,,20.8000,41.5000,37.7000,138.0000,1.3400,19.3000,7.7000,13.8000
117.3125,39.9792,30.2000,-11.6920,196.0000,11.4468,11.9437,28.5106,1132.5508,30.2000,-11.6920,41.8920,24.6247,-3.2987,24.6247,-3.2987,540.0000,196.0000,3.0000,136.9675,410.0000,11.0000,410.0000,11.0000,4.0000,3.0000,6.0000,15.0000,30.0000,68.0000,196.0000,146.0000,46.0000,16.0000,6.0000,4.0000,-5.3000,-1.8760,4.8760,13.3360,19.1040,23.6200,25.7000,24.5120,19.4760,12.7000,3.8920,-2.7000,0.0000,0.0000,0.0000,100.0800,282.2240,408.6000,486.7000,449.8720,284.2800,83.7000,0.0000,0.0000,2011.7560,2095.4560,,,,20.8000,40.9000,38.3000,132.0000,1.3400,18.6000,7.7000,13.2000
117.3542,39.9792,30.1880,-11.6000,195.0000,11.4363,11.8300,28.3096,1133.8381,30.1880,-11.6000,41.7880,24.6373,-3.3100,24.6373,-3.3100,543.0000,195.0000,3.0000,136.3460,412.0000,11.0000,412.0000,11.0000,4.0000,3.0000,7.0000,15.0000,30.0000,69.0000,195.0000,148.0000,46.0000,16.0000,6.0000,4.0000,-5.3000,-1.9000,4.7920,13.3000,19.1000,23.6000,25.7000,24.5880,19.5000,12.7120,3.9000,-2.7200,0.0000,0.0000,0.0000,99.0000,282.1000,408.0000,486.7000,452.2280,285.0000,84.0720,0.0000,0.0000,2013.0281,2097.1001,,,,21.8000,40.3000,37.9000,123.0000,1.3400,17.9000,7.7000,12.3000
117.3958,39.9792,30.2000,-11.5720,195.0000,11.4400,11.7873,28.2183,1134.2594,30.2000,-11.5720,41.7720,24.6467,-3.3127,24.6467,-3.3127,549.0000,195.0000,3.0000,135.4632,415.0000,11.0000,415.0000,11.0000,4.0000,3.0000,7.0000,16.0000,31.0000,70.0000,195.0000,150.0000,47.0000,16.0000,6.0000,4.0000,-5.3000,-1.8960,4.7400,13.2840,19.1000,23.5840,25.7760,24.6280,19.5000,12.7760,3.9040,-2.7520,0.0000,0.0000,0.0000,98.5200,282.1000,407.5200,489.0560,453.4680,285.0000,86.0560,0.0000,0.0000,2015.6640,2101.7200,,,,22.2000,42.0000,35.8000,121.0000,1.3400,17.1000,7.8000,12.1000
117.4375,39.9792,30.2040,-11.5760,194.0000,11.4565,11.8443,28.3493,1133.2070,30.2040,-11.5760,41.7800,24.6453,-3.2973,24.6453,-3.2973,550.0000,194.0000,3.0000,134.9973,415.0000,11.0000,415.0000,11.0000,4.0000,3.0000,7.0000,16.0000,31.0000,70.0000,194.0000,151.0000,47.0000,17.0000,6.0000,4.0000,-5.3000,-1.8560,4.8000,13.2920,19.1040,23.5840,25.7520,24.6120,19.5000,12.7960,3.9480,-2.7200,0.0000,0.0000,0.0000,98.7600,282.2240,407.5200,488.3120,452.9720,285.0000,86.6760,0.0000,0.0000,2014.7880,2101.4640,,,,20.9000,44.1000,35.1000,127.0000,1.3400,17.4000,7.7000,12.7000
117.4792,39.9792,30.0360,-11.5560,194.0000,11.3777,11.7953,28.3596,1128.6500,30.0360,-11.5560,41.5920,24.5080,-3.3240,24.5080,-3.3240,556.0000,194.0000,4.0000,133.7064,417.0000,12.0000,417.0000,12.0000,4.0000,4.0000,7.0000,17.0000,32.0000,71.0000,194.0000,152.0000,48.0000,17.0000,6.0000,4.0000,-5.2960,-1.9160,4.7360,13.1720,19.0040,23.4400,25.6040,24.5000,19.4040,12.7000,3.9400,-2.7720,0.0000,0.0000,0.0000,95.1600,279.1240,403.2000,483.7240,449.5000,282.1200,83.7000,0.0000,0.0000,1992.8280,2076.5280,,,,19.8000,45.4000,34.9000,132.0000,1.3300,17.9000,7.6000,13.2000
117.5208,39.9792,29.7480,-11.5920,194.0000,11.1572,11.6830,28.2608,1123.9354,29.7480,-11.5920,41.3400,24.2427,-3.4793,24.2427,-3.4793,557.0000,194.0000,4.0000,134.0431,418.0000,12.0000,418.0000,12.0000,4.0000,4.0000,7.0000,17.0000,32.0000,70.0000,194.0000,154.0000,48.0000,17.0000,6.0000,4.0000,-5.4240,-2.1360,4.4880,12.9000,18.7360,23.1160,25.3240,24.2880,19.1640,12.4840,3.8160,-2.8920,0.0000,0.0000,0.0000,87.0000,270.8160,393.4800,475.0440,442.9280,274.9200,77.0040,0.0000,0.0000,1944.1879,2021.1919,,,,18.7000,46.7000,34.6000,139.0000,1.3300,18.4000,7.6000,13.9000
